mean_fit_time,std_fit_time,mean_score_time,std_score_time,param_DT__class_weight,param_DT__criterion,param_DT__max_depth,params,split0_test_score,split1_test_score,split2_test_score,split3_test_score,split4_test_score,mean_test_score,std_test_score,rank_test_score,split0_train_score,split1_train_score,split2_train_score,split3_train_score,split4_train_score,mean_train_score,std_train_score
0.042285919189453125,0.003242035107724368,0.002400922775268555,0.0004912070444599313,balanced,gini,1,"{'DT__class_weight': 'balanced', 'DT__criterion': 'gini', 'DT__max_depth': 1}",0.5,0.5,0.5000000000000001,0.5,0.5,0.5,4.965068306494546e-17,195,0.5,0.5,0.5,0.5,0.5,0.5,0.0
0.0516357421875,0.01082068318309137,0.0025994300842285155,0.0004887786814374881,balanced,gini,2,"{'DT__class_weight': 'balanced', 'DT__criterion': 'gini', 'DT__max_depth': 2}",0.5,0.5,0.5000000000000001,0.5,0.5,0.5,4.965068306494546e-17,195,0.5,0.5,0.5,0.5,0.5,0.5,0.0
0.05220065116882324,0.008232054161887345,0.0030002593994140625,0.000632409710109061,balanced,gini,3,"{'DT__class_weight': 'balanced', 'DT__criterion': 'gini', 'DT__max_depth': 3}",0.7560872263732068,0.5,0.766489222028598,0.7827218256904824,0.8112303358716669,0.7233057219927908,0.1131953164082964,190,0.7921122675515027,0.5,0.7961719104342223,0.7846867465565396,0.7849866319734549,0.7315915113031439,0.1158776604134614
0.05539827346801758,0.0033237979737156015,0.0032006263732910155,0.001165958886521661,balanced,gini,4,"{'DT__class_weight': 'balanced', 'DT__criterion': 'gini', 'DT__max_depth': 4}",0.7556396361987061,0.5,0.766489222028598,0.7875856389200544,0.8112303358716669,0.724188966603805,0.1136965144572608,189,0.8056563462318876,0.5,0.7961719104342223,0.7901115394714856,0.7849866319734549,0.7353852856222101,0.11789361714946761
0.07540192604064941,0.0244784605506902,0.0024003982543945312,0.0004884432965217545,balanced,gini,5,"{'DT__class_weight': 'balanced', 'DT__criterion': 'gini', 'DT__max_depth': 5}",0.7574359647657015,0.5,0.7539208899286244,0.7998555775703612,0.8112303358716669,0.7244885536272707,0.11449998263363832,188,0.8077331646415699,0.5,0.7976325463703421,0.8006418443102338,0.7849866319734549,0.7381988374591202,0.11932669558708144
0.07459983825683594,0.005083519328309951,0.0028027057647705077,0.000748099734529978,balanced,gini,6,"{'DT__class_weight': 'balanced', 'DT__criterion': 'gini', 'DT__max_depth': 6}",0.7574359647657015,0.792371869852713,0.7539208899286244,0.8047193907999333,0.8112303358716669,0.7839356902437277,0.023879919193858835,48,0.8077331646415699,0.8069603256069323,0.7976325463703421,0.8042718006254327,0.7849866319734549,0.8003168938435463,0.008449854391174695
0.09203019142150878,0.012448703684526862,0.0027704238891601562,0.0007012035114801792,balanced,gini,7,"{'DT__class_weight': 'balanced', 'DT__criterion': 'gini', 'DT__max_depth': 7}",0.7584087274116158,0.8011267336659424,0.7498806426201333,0.8095832040295052,0.8112303358716669,0.7860459287197726,0.02640996473015177,47,0.8096786899333986,0.8123105201594615,0.8049461698216801,0.8056936454130958,0.7849866319734549,0.8035231314602183,0.009648285676626064
0.10119948387145997,0.009108433318139474,0.002800464630126953,0.0007467382863774836,balanced,gini,8,"{'DT__class_weight': 'balanced', 'DT__criterion': 'gini', 'DT__max_depth': 8}",0.7584087274116158,0.8011267336659427,0.7498806426201333,0.8095832040295052,0.7952961256594496,0.7828590866773293,0.024033156904794316,50,0.8096786899333986,0.8191377622878423,0.8049461698216801,0.8079942589100285,0.7887478814065074,0.8061009524718914,0.009887424570219822
0.11219973564147949,0.010245164122567846,0.003401041030883789,0.0023324001808801877,balanced,gini,9,"{'DT__class_weight': 'balanced', 'DT__criterion': 'gini', 'DT__max_depth': 9}",0.7488302976773054,0.8011267336659427,0.7508534052660477,0.8095832040295052,0.8038242104509322,0.7828435702179467,0.027091484673978292,51,0.8321417488243297,0.8191377622878423,0.8071348857749874,0.8079942589100285,0.8037287245470387,0.8140274760688453,0.01043277236263203
0.12959985733032225,0.010092841477138736,0.0024003505706787108,0.0004902135623705502,balanced,gini,10,"{'DT__class_weight': 'balanced', 'DT__criterion': 'gini', 'DT__max_depth': 10}",0.7457628130147288,0.7938698049700412,0.7508534052660477,0.8156405910577451,0.8086880236805043,0.7829629275978134,0.029200822526243446,49,0.833283103769306,0.829951540903774,0.8066485044520303,0.8338231959132034,0.8065351149411568,0.822048291995894,0.012689703068815571
0.1460019588470459,0.010490624723338058,0.0020008087158203125,3.536319011257011e-06,balanced,gini,11,"{'DT__class_weight': 'balanced', 'DT__criterion': 'gini', 'DT__max_depth': 11}",0.748084314053138,0.7782339882074909,0.747785920603471,0.8156405910577451,0.8014310949846029,0.7782351817812895,0.027471612129377862,54,0.8134578429734312,0.8349466472511997,0.8095667923897734,0.8332995154090377,0.8069841970829057,0.8196509990212695,0.012006107869965756
0.16199917793273927,0.0182989796839765,0.0022005081176757813,0.00039976141904275904,balanced,gini,12,"{'DT__class_weight': 'balanced', 'DT__criterion': 'gini', 'DT__max_depth': 12}",0.7436680909980664,0.7854909169033921,0.747785920603471,0.8171385261750735,0.8024038576305175,0.7792974624621042,0.029211777966275745,53,0.8349854383996563,0.8485071375713161,0.8095667923897734,0.8394732758826479,0.8078450621851949,0.8280755412857177,0.016413112009456134
0.16399974822998048,0.01421229141249697,0.0024015426635742186,0.0004900190416379741,balanced,gini,13,"{'DT__class_weight': 'balanced', 'DT__criterion': 'gini', 'DT__max_depth': 13}",0.7436680909980664,0.7845181542574776,0.747785920603471,0.8147454107087442,0.7983636103220263,0.7778162373779572,0.02792414687834314,55,0.8349854383996563,0.8585704566613355,0.8090804110668163,0.8450293619154472,0.8077137690673416,0.8310758874221195,0.01997761212483264
0.18919925689697265,0.027506347772803516,0.002800607681274414,0.00040026276284281336,balanced,gini,14,"{'DT__class_weight': 'balanced', 'DT__criterion': 'gini', 'DT__max_depth': 14}",0.7375331216729131,0.7835453916115634,0.7608018428779452,0.8197584206631495,0.8032274235515983,0.780973240075434,0.029326043138006866,52,0.8362386908882576,0.8580840753383784,0.828868372681483,0.8396985629371464,0.8105201594614595,0.834681972261345,0.015445640946051366
0.1810001850128174,0.010449912644748491,0.0024004459381103517,0.0004906238764446344,balanced,gini,15,"{'DT__class_weight': 'balanced', 'DT__criterion': 'gini', 'DT__max_depth': 15}",0.7436680909980664,0.7772612255615766,0.747785920603471,0.8228259053257264,0.7970924542264449,0.777726719343057,0.029885202165085844,56,0.8347422477381776,0.8440372036953047,0.8090804110668163,0.8447861712539687,0.8148975913680745,0.8295087250244684,0.014850374093985236
0.19895267486572266,0.012590912950886345,0.0025995254516601564,0.0008011704554083077,balanced,gini,16,"{'DT__class_weight': 'balanced', 'DT__criterion': 'gini', 'DT__max_depth': 16}",0.7436680909980664,0.7772612255615766,0.747785920603471,0.8178128953713207,0.7920794442720395,0.7757215153612947,0.02774691436819883,60,0.8347422477381776,0.845009966341219,0.8090804110668163,0.8413069036308516,0.8136816380606813,0.8287642333675492,0.01464183468393725
0.20515575408935546,0.014893534874468447,0.002001237869262695,5.7220458984375e-07,balanced,gini,17,"{'DT__class_weight': 'balanced', 'DT__criterion': 'gini', 'DT__max_depth': 17}",0.7436680909980664,0.7772612255615766,0.747785920603471,0.8157181733546585,0.7898355255305435,0.7748537872096632,0.026852796310080973,84,0.8347422477381776,0.8440372036953047,0.8090804110668163,0.84753586689265,0.816356735336946,0.830350492945979,0.015167018653275811
0.21182141304016114,0.012772554221558133,0.001399660110473633,0.0011993178920216459,balanced,gini,18,"{'DT__class_weight': 'balanced', 'DT__criterion': 'gini', 'DT__max_depth': 18}",0.7436680909980664,0.7782339882074909,0.747785920603471,0.8147454107087442,0.7837005562053903,0.7736267933446327,0.025995084869761063,89,0.8347422477381776,0.8466750017903608,0.8090804110668163,0.8466377026091523,0.8168058174786947,0.8307882361366404,0.01540108320172806
0.2316131591796875,0.02166656336786943,0.0021999835968017577,0.0003997814393663513,balanced,gini,19,"{'DT__class_weight': 'balanced', 'DT__criterion': 'gini', 'DT__max_depth': 19}",0.7351400062065838,0.7782339882074909,0.7583311451147026,0.8163149602539925,0.7898355255305437,0.7755711250626627,0.02757722374531149,62,0.8383155092979399,0.8452158578214891,0.8518551120765798,0.8397537657253349,0.8163194361557374,0.8382919362154162,0.011973543251074572
0.2260131359100342,0.021324219933578567,0.0035994529724121095,0.002245694768366599,balanced,gini,20,"{'DT__class_weight': 'balanced', 'DT__criterion': 'gini', 'DT__max_depth': 20}",0.7310997588980928,0.7772612255615766,0.7583311451147026,0.8176636986464874,0.7929030101931203,0.7754517676827959,0.029495367497321266,63,0.837474039769879,0.8454590484829678,0.8518551120765798,0.84753586689265,0.8161135446754673,0.8396875223795087,0.012677453957714956
0.25125932693481445,0.02953457303811099,0.0018118858337402345,0.0009823301059379043,balanced,gini,21,"{'DT__class_weight': 'balanced', 'DT__criterion': 'gini', 'DT__max_depth': 21}",0.7370855314984126,0.7772612255615766,0.7631949583442745,0.8237986679716409,0.7825785968346424,0.7767837960421093,0.028301288152594334,58,0.8383155092979399,0.8457022391444464,0.854043828029887,0.8447861712539687,0.8182649614475663,0.8402225418347617,0.012063613535966928
0.23965659141540527,0.025154750718810886,0.0038608551025390626,0.002251809833406597,balanced,gini,22,"{'DT__class_weight': 'balanced', 'DT__criterion': 'gini', 'DT__max_depth': 22}",0.7379090974194935,0.7774104222864099,0.7631949583442745,0.8186364612924018,0.7867680408679669,0.7767837960421093,0.026636899582057404,58,0.837193549927192,0.8539692296674704,0.8538006373684086,0.8471807786875463,0.8180217707860877,0.8420331932873409,0.013471524772707485
0.26400294303894045,0.03333076900973071,0.002818584442138672,0.0027489783509276984,balanced,gini,23,"{'DT__class_weight': 'balanced', 'DT__criterion': 'gini', 'DT__max_depth': 23}",0.7369363347735791,0.7761392661908285,0.7631949583442745,0.8155689766298252,0.7940249695638681,0.7771729011004751,0.02673455958923282,57,0.8379604210928361,0.8497618820271657,0.854043828029887,0.8471807786875463,0.8158703540139889,0.840963452770285,0.01360768547792594
0.23467764854431153,0.01323139408711678,0.003400850296020508,0.001495529773223987,balanced,gini,24,"{'DT__class_weight': 'balanced', 'DT__criterion': 'gini', 'DT__max_depth': 24}",0.7379090974194935,0.7750173068200809,0.7498030603232197,0.8125014919672484,0.7795111121720657,0.7709484137404216,0.025904657494522032,91,0.8386526938960637,0.8515015158387244,0.858627151416772,0.8483967319949393,0.8189945334320022,0.8432345253157004,0.013714917674372391
0.2402792453765869,0.020290201465400455,0.002399444580078125,0.0004897915683187923,balanced,gini,25,"{'DT__class_weight': 'balanced', 'DT__criterion': 'gini', 'DT__max_depth': 25}",0.7348416127569168,0.7729225848034184,0.7631949583442745,0.8186364612924018,0.7837005562053903,0.7746592346804805,0.02733360772290888,85,0.8391390752190209,0.8531665512878662,0.854043828029887,0.8471807786875463,0.8180590699672962,0.8423178606383231,0.013247142888892206
0.2580749988555908,0.023600476148312326,0.002060079574584961,0.0007601343024286422,balanced,gini,26,"{'DT__class_weight': 'balanced', 'DT__criterion': 'gini', 'DT__max_depth': 26}",0.7338688501110023,0.7761392661908285,0.7498030603232197,0.8186364612924018,0.7997839631424412,0.7756463202119789,0.03112636220892881,61,0.8384841015970018,0.8504914540116016,0.858627151416772,0.8471807786875463,0.8588703420782507,0.8507307655582345,0.007632117275433828
0.2600517272949219,0.01799785880276191,0.003617095947265625,0.002363803858257271,balanced,gini,27,"{'DT__class_weight': 'balanced', 'DT__criterion': 'gini', 'DT__max_depth': 27}",0.7338688501110023,0.7709770595115898,0.739478646964742,0.8186364612924018,0.7976892411257789,0.7721300518011028,0.032703154179635846,90,0.8384841015970018,0.8515015158387244,0.861059058031558,0.8471807786875463,0.8600862953856437,0.8516623499080949,0.008402827592159929
0.26471424102783203,0.01619913212459842,0.0028204917907714844,0.003749051005238733,balanced,gini,28,"{'DT__class_weight': 'balanced', 'DT__criterion': 'gini', 'DT__max_depth': 28}",0.7338688501110023,0.7751665035449142,0.7467355756606432,0.8125014919672484,0.8007567257883554,0.7738058294144327,0.030177201672871683,88,0.8384841015970018,0.8488264185624598,0.859356723401208,0.8483967319949393,0.8591135327397293,0.8508355016590677,0.007793306286911528
0.2587421894073486,0.02403546980239129,0.0030182361602783202,0.002715619581870011,balanced,gini,29,"{'DT__class_weight': 'balanced', 'DT__criterion': 'gini', 'DT__max_depth': 29}",0.7338688501110023,0.7761392661908285,0.7528705449857965,0.8125014919672484,0.8007567257883554,0.7752273758086463,0.029162628558429902,65,0.8384841015970018,0.8500050726886443,0.8583839607552934,0.8483967319949393,0.8591135327397293,0.8508766799551216,0.007545738509678909
0.2649953365325928,0.01593315840263337,0.0027990818023681642,0.0007484698479345024,balanced,gini,30,"{'DT__class_weight': 'balanced', 'DT__criterion': 'gini', 'DT__max_depth': 30}",0.7338688501110023,0.7711262562364231,0.7528705449857965,0.8125014919672484,0.8007567257883554,0.774224773817765,0.029200192143548364,87,0.8384841015970018,0.860011697023227,0.858627151416772,0.8483967319949393,0.8591135327397293,0.852926642954334,0.008367538314993117
0.2480349063873291,0.010097098774073766,0.0024003028869628907,0.0004896715420677732,balanced,gini,31,"{'DT__class_weight': 'balanced', 'DT__criterion': 'gini', 'DT__max_depth': 31}",0.7338688501110023,0.7762884629156621,0.7477083383065576,0.8125014919672484,0.8007567257883554,0.7742247738177652,0.030016769882196054,86,0.8384841015970018,0.8582720632116684,0.859843104724165,0.8483967319949393,0.8591135327397293,0.8528219068535009,0.00829145116685723
0.2560418605804443,0.018629720040428954,0.002399587631225586,0.0007977966840178644,balanced,gini,32,"{'DT__class_weight': 'balanced', 'DT__criterion': 'gini', 'DT__max_depth': 32}",0.7338688501110023,0.7759900694659951,0.753843307631711,0.8125014919672484,0.8007567257883554,0.7753920889928624,0.029015028915786445,64,0.8384841015970018,0.8531665512878662,0.8591135327397291,0.8483967319949393,0.8591135327397293,0.8516548900718531,0.0077153494234487845
0.2541358947753906,0.016757805732154553,0.002229166030883789,0.0004614836422213583,balanced,gini,33,"{'DT__class_weight': 'balanced', 'DT__criterion': 'gini', 'DT__max_depth': 33}",0.7338688501110023,0.7759900694659951,0.7528705449857965,0.8125014919672484,0.8007567257883554,0.7751975364636794,0.029161756558198134,66,0.8384841015970018,0.8531665512878662,0.858627151416772,0.8483967319949393,0.8591135327397293,0.8515576138072618,0.007623212552278511
0.2541656970977783,0.015011767973753056,0.0032011032104492187,0.002926324681397361,balanced,gini,34,"{'DT__class_weight': 'balanced', 'DT__criterion': 'gini', 'DT__max_depth': 34}",0.7338688501110023,0.7759900694659951,0.7528705449857965,0.8125014919672484,0.8007567257883554,0.7751975364636794,0.029161756558198134,66,0.8384841015970018,0.8531665512878662,0.858627151416772,0.8483967319949393,0.8591135327397293,0.8515576138072618,0.007623212552278511
0.24931764602661133,0.006454798229051561,0.001999950408935547,7.008046367978606e-07,balanced,gini,35,"{'DT__class_weight': 'balanced', 'DT__criterion': 'gini', 'DT__max_depth': 35}",0.7338688501110023,0.7759900694659951,0.7528705449857965,0.8125014919672484,0.8007567257883554,0.7751975364636794,0.029161756558198134,66,0.8384841015970018,0.8531665512878662,0.858627151416772,0.8483967319949393,0.8591135327397293,0.8515576138072618,0.007623212552278511
0.24179940223693847,0.012448321692940497,0.0019999980926513673,1.7623633015228584e-06,balanced,gini,36,"{'DT__class_weight': 'balanced', 'DT__criterion': 'gini', 'DT__max_depth': 36}",0.7338688501110023,0.7759900694659951,0.7528705449857965,0.8125014919672484,0.8007567257883554,0.7751975364636794,0.029161756558198134,66,0.8384841015970018,0.8531665512878662,0.858627151416772,0.8483967319949393,0.8591135327397293,0.8515576138072618,0.007623212552278511
0.24979910850524903,0.005491146837743785,0.002200937271118164,0.00039942328242331606,balanced,gini,37,"{'DT__class_weight': 'balanced', 'DT__criterion': 'gini', 'DT__max_depth': 37}",0.7338688501110023,0.7759900694659951,0.7528705449857965,0.8125014919672484,0.8007567257883554,0.7751975364636794,0.029161756558198134,66,0.8384841015970018,0.8531665512878662,0.858627151416772,0.8483967319949393,0.8591135327397293,0.8515576138072618,0.007623212552278511
0.24929466247558593,0.009917339700995327,0.003821706771850586,0.0021498344424519342,balanced,gini,38,"{'DT__class_weight': 'balanced', 'DT__criterion': 'gini', 'DT__max_depth': 38}",0.7338688501110023,0.7759900694659951,0.7528705449857965,0.8125014919672484,0.8007567257883554,0.7751975364636794,0.029161756558198134,66,0.8384841015970018,0.8531665512878662,0.858627151416772,0.8483967319949393,0.8591135327397293,0.8515576138072618,0.007623212552278511
0.24750375747680664,0.013499510928481792,0.003618001937866211,0.0022787477654179467,balanced,gini,39,"{'DT__class_weight': 'balanced', 'DT__criterion': 'gini', 'DT__max_depth': 39}",0.7338688501110023,0.7759900694659951,0.7528705449857965,0.8125014919672484,0.8007567257883554,0.7751975364636794,0.029161756558198134,66,0.8384841015970018,0.8531665512878662,0.858627151416772,0.8483967319949393,0.8591135327397293,0.8515576138072618,0.007623212552278511
0.2435532569885254,0.014237852072893773,0.001999568939208984,1.4336868646977338e-06,balanced,gini,40,"{'DT__class_weight': 'balanced', 'DT__criterion': 'gini', 'DT__max_depth': 40}",0.7338688501110023,0.7759900694659951,0.7528705449857965,0.8125014919672484,0.8007567257883554,0.7751975364636794,0.029161756558198134,66,0.8384841015970018,0.8531665512878662,0.858627151416772,0.8483967319949393,0.8591135327397293,0.8515576138072618,0.007623212552278511
0.24942455291748047,0.01625510813545772,0.002801799774169922,0.0007476018297226433,balanced,gini,41,"{'DT__class_weight': 'balanced', 'DT__criterion': 'gini', 'DT__max_depth': 41}",0.7338688501110023,0.7759900694659951,0.7528705449857965,0.8125014919672484,0.8007567257883554,0.7751975364636794,0.029161756558198134,66,0.8384841015970018,0.8531665512878662,0.858627151416772,0.8483967319949393,0.8591135327397293,0.8515576138072618,0.007623212552278511
0.24832620620727539,0.010576375259473398,0.002600574493408203,0.000489611754750235,balanced,gini,42,"{'DT__class_weight': 'balanced', 'DT__criterion': 'gini', 'DT__max_depth': 42}",0.7338688501110023,0.7759900694659951,0.7528705449857965,0.8125014919672484,0.8007567257883554,0.7751975364636794,0.029161756558198134,66,0.8384841015970018,0.8531665512878662,0.858627151416772,0.8483967319949393,0.8591135327397293,0.8515576138072618,0.007623212552278511
0.2479548454284668,0.012215944540589137,0.002800130844116211,0.0007488147493914883,balanced,gini,43,"{'DT__class_weight': 'balanced', 'DT__criterion': 'gini', 'DT__max_depth': 43}",0.7338688501110023,0.7759900694659951,0.7528705449857965,0.8125014919672484,0.8007567257883554,0.7751975364636794,0.029161756558198134,66,0.8384841015970018,0.8531665512878662,0.858627151416772,0.8483967319949393,0.8591135327397293,0.8515576138072618,0.007623212552278511
0.2572002410888672,0.009881528889660231,0.002597332000732422,0.00048668465784541695,balanced,gini,44,"{'DT__class_weight': 'balanced', 'DT__criterion': 'gini', 'DT__max_depth': 44}",0.7338688501110023,0.7759900694659951,0.7528705449857965,0.8125014919672484,0.8007567257883554,0.7751975364636794,0.029161756558198134,66,0.8384841015970018,0.8531665512878662,0.858627151416772,0.8483967319949393,0.8591135327397293,0.8515576138072618,0.007623212552278511
0.2477719783782959,0.00585259695547947,0.002400112152099609,0.0004894343187334661,balanced,gini,45,"{'DT__class_weight': 'balanced', 'DT__criterion': 'gini', 'DT__max_depth': 45}",0.7338688501110023,0.7759900694659951,0.7528705449857965,0.8125014919672484,0.8007567257883554,0.7751975364636794,0.029161756558198134,66,0.8384841015970018,0.8531665512878662,0.858627151416772,0.8483967319949393,0.8591135327397293,0.8515576138072618,0.007623212552278511
0.2574131011962891,0.015294784548142147,0.003012847900390625,0.0027062044032903896,balanced,gini,46,"{'DT__class_weight': 'balanced', 'DT__criterion': 'gini', 'DT__max_depth': 46}",0.7338688501110023,0.7759900694659951,0.7528705449857965,0.8125014919672484,0.8007567257883554,0.7751975364636794,0.029161756558198134,66,0.8384841015970018,0.8531665512878662,0.858627151416772,0.8483967319949393,0.8591135327397293,0.8515576138072618,0.007623212552278511
0.24480791091918946,0.007171014450156257,0.0021990299224853515,0.00039990276269256155,balanced,gini,47,"{'DT__class_weight': 'balanced', 'DT__criterion': 'gini', 'DT__max_depth': 47}",0.7338688501110023,0.7759900694659951,0.7528705449857965,0.8125014919672484,0.8007567257883554,0.7751975364636794,0.029161756558198134,66,0.8384841015970018,0.8531665512878662,0.858627151416772,0.8483967319949393,0.8591135327397293,0.8515576138072618,0.007623212552278511
0.25920758247375486,0.014114973021622504,0.003414011001586914,0.0023580257350609792,balanced,gini,48,"{'DT__class_weight': 'balanced', 'DT__criterion': 'gini', 'DT__max_depth': 48}",0.7338688501110023,0.7759900694659951,0.7528705449857965,0.8125014919672484,0.8007567257883554,0.7751975364636794,0.029161756558198134,66,0.8384841015970018,0.8531665512878662,0.858627151416772,0.8483967319949393,0.8591135327397293,0.8515576138072618,0.007623212552278511
0.24398260116577147,0.006986565839974423,0.0019978046417236327,2.0038510693979927e-06,balanced,gini,49,"{'DT__class_weight': 'balanced', 'DT__criterion': 'gini', 'DT__max_depth': 49}",0.7338688501110023,0.7759900694659951,0.7528705449857965,0.8125014919672484,0.8007567257883554,0.7751975364636794,0.029161756558198134,66,0.8384841015970018,0.8531665512878662,0.858627151416772,0.8483967319949393,0.8591135327397293,0.8515576138072618,0.007623212552278511
0.26358184814453123,0.013513273926858249,0.0035995006561279296,0.0013571062775471856,balanced,gini,50,"{'DT__class_weight': 'balanced', 'DT__criterion': 'gini', 'DT__max_depth': 50}",0.7338688501110023,0.7759900694659951,0.7528705449857965,0.8125014919672484,0.8007567257883554,0.7751975364636794,0.029161756558198134,66,0.8384841015970018,0.8531665512878662,0.858627151416772,0.8483967319949393,0.8591135327397293,0.8515576138072618,0.007623212552278511
0.040946674346923825,0.0024888977500901765,0.0023993492126464845,0.00048801699953429656,balanced,entropy,1,"{'DT__class_weight': 'balanced', 'DT__criterion': 'entropy', 'DT__max_depth': 1}",0.5,0.5,0.5000000000000001,0.5,0.5,0.5,4.965068306494546e-17,195,0.5,0.5,0.5,0.5,0.5,0.5,0.0
0.04920148849487305,0.004399950647880086,0.0030001163482666015,0.0006321849173906639,balanced,entropy,2,"{'DT__class_weight': 'balanced', 'DT__criterion': 'entropy', 'DT__max_depth': 2}",0.5,0.5,0.5000000000000001,0.5,0.5,0.5,4.965068306494546e-17,195,0.5,0.5,0.5,0.5,0.5,0.5,0.0
0.04799914360046387,0.0027565410523161505,0.0031993865966796877,0.0014680181878804887,balanced,entropy,3,"{'DT__class_weight': 'balanced', 'DT__criterion': 'entropy', 'DT__max_depth': 3}",0.5,0.5,0.5000000000000001,0.7827218256904824,0.5,0.5565443651380965,0.11308873027619296,194,0.5,0.5,0.5,0.7846867465565396,0.5,0.5569373493113079,0.11387469862261583
0.0676004409790039,0.01379283694745823,0.0029996395111083984,0.0006315065522582362,balanced,entropy,4,"{'DT__class_weight': 'balanced', 'DT__criterion': 'entropy', 'DT__max_depth': 4}",0.7670800410589387,0.5,0.7773268721205032,0.7827218256904824,0.5,0.6654257477739848,0.1351630000562547,192,0.8078182067747249,0.5,0.8069931488863955,0.7846867465565396,0.5,0.679899620443532,0.14712173080242424
0.06320180892944335,0.003599768544350687,0.003400373458862305,0.0018575161746714527,balanced,entropy,5,"{'DT__class_weight': 'balanced', 'DT__criterion': 'entropy', 'DT__max_depth': 5}",0.764239335418109,0.8133190900193359,0.7710427060705163,0.7988828149244469,0.7922167052588861,0.7879401303382588,0.018052000776807915,46,0.8208580005251725,0.8088312525363442,0.8103605189658876,0.8005672459478171,0.8092937623833282,0.80998215607171,0.006463221310066739
0.07000670433044434,0.00404958705043269,0.002797651290893555,0.00039867240678951487,balanced,entropy,6,"{'DT__class_weight': 'balanced', 'DT__criterion': 'entropy', 'DT__max_depth': 6}",0.7603482848344514,0.8133190900193359,0.777852044591917,0.8035974314291853,0.8142202382373304,0.7938674178224441,0.021294611857759403,10,0.8254219283378291,0.8088312525363442,0.816197094841374,0.8020651810651452,0.8167252512472847,0.8138481416055955,0.007896267669581408
0.08080244064331055,0.007982256213111532,0.0020005226135253905,1.52587890625e-06,balanced,entropy,7,"{'DT__class_weight': 'balanced', 'DT__criterion': 'entropy', 'DT__max_depth': 7}",0.7622938101262803,0.812197130648588,0.7768792819460028,0.8094340073046716,0.8059905468955145,0.7933589553842114,0.02004726481179738,12,0.8290324890787998,0.8082702728509704,0.8200314506695949,0.8022337733642071,0.8185215798142799,0.8156179131555705,0.009391319999374157
0.0936539649963379,0.006747629121735443,0.0022005558013916014,0.0003993905716952194,balanced,entropy,8,"{'DT__class_weight': 'balanced', 'DT__criterion': 'entropy', 'DT__max_depth': 8}",0.7622938101262803,0.8092788427108447,0.7907247380105512,0.8094340073046716,0.8059905468955145,0.7955443890095725,0.017997271800250042,4,0.8290324890787998,0.8119360363801295,0.8330339452388342,0.8032065360101216,0.8200553221455683,0.8194528657706905,0.010927248607997219
0.10888805389404296,0.011450420709407909,0.0016872882843017578,0.0008602149735001386,balanced,entropy,9,"{'DT__class_weight': 'balanced', 'DT__criterion': 'entropy', 'DT__max_depth': 9}",0.7650629013391899,0.8092788427108447,0.7965613138860377,0.8094340073046716,0.8059905468955145,0.7972655224272518,0.016769154152972497,2,0.8364595020410112,0.8119360363801295,0.8409279439497744,0.8032065360101216,0.8229169153278749,0.8230893867417823,0.01425993569602177
0.12099123001098633,0.023451208535706595,0.0018001079559326171,0.0009795791953562051,balanced,entropy,10,"{'DT__class_weight': 'balanced', 'DT__criterion': 'entropy', 'DT__max_depth': 10}",0.7650629013391899,0.8003031677448617,0.797534076531952,0.8113795325965005,0.7977608555536988,0.7944081067532406,0.01552375425995546,9,0.8364595020410112,0.8173250220811153,0.8430793607218733,0.8044224893175146,0.8254234203050775,0.8253419588933184,0.013712164733650741
0.13435921669006348,0.007936562354282948,0.0025987148284912108,0.000489165145887451,balanced,entropy,11,"{'DT__class_weight': 'balanced', 'DT__criterion': 'entropy', 'DT__max_depth': 11}",0.7619954166766131,0.8065873337948485,0.7965613138860375,0.8113795325965005,0.802923062232938,0.7958893318373874,0.017624505516559818,3,0.8374322646869254,0.8308855124012318,0.8430793607218735,0.8044224893175146,0.8406310424673556,0.8312901339189802,0.014042779329555815
0.16045336723327636,0.0156355093494602,0.002400970458984375,0.0004876642454619153,balanced,entropy,12,"{'DT__class_weight': 'balanced', 'DT__criterion': 'entropy', 'DT__max_depth': 12}",0.7619954166766131,0.8022486930366906,0.7954393545152898,0.8162433458260726,0.8005299467666086,0.7952913513642551,0.018019293707140897,5,0.8374322646869254,0.8202433100188585,0.8457544579981381,0.8062934162469266,0.8278195197059034,0.8275085937313504,0.013670081098199937
0.1581235408782959,0.007115218244189932,0.0019998550415039062,1.9775811532333106e-06,balanced,entropy,13,"{'DT__class_weight': 'balanced', 'DT__criterion': 'entropy', 'DT__max_depth': 13}",0.7619954166766131,0.812722303120002,0.8059129645986011,0.8130266644386623,0.8047193907999333,0.7996753479267624,0.01914475459065746,1,0.8374322646869254,0.8412293213339381,0.8650008355016591,0.8072288797116325,0.8444101955073882,0.8390602993483085,0.01855870272489538
0.17248902320861817,0.014763124973988373,0.0024017333984375,0.0004904505015171605,balanced,entropy,14,"{'DT__class_weight': 'balanced', 'DT__criterion': 'entropy', 'DT__max_depth': 14}",0.7619954166766131,0.812722303120002,0.7933446324986274,0.8036750137260987,0.8044209973502663,0.7952316726743216,0.01771928600634808,6,0.8374322646869254,0.8411920221527299,0.8498886992432743,0.811288522594352,0.829278663674775,0.8338160344704113,0.013068201048594722
0.17937026023864747,0.00767485283441194,0.003998184204101562,0.003996420047429701,balanced,entropy,15,"{'DT__class_weight': 'balanced', 'DT__criterion': 'entropy', 'DT__max_depth': 15}",0.7568332099973741,0.8138442624907499,0.7933446324986274,0.8046477763720132,0.797164068654365,0.7931667900026259,0.019470540912271787,13,0.839620980640233,0.8417903010193121,0.8505436728652933,0.8122985844214747,0.8331697142584328,0.8354846506409492,0.012857660752247015
0.18450574874877929,0.013820070401527041,0.002816295623779297,0.0015788608753530048,balanced,entropy,16,"{'DT__class_weight': 'balanced', 'DT__criterion': 'entropy', 'DT__max_depth': 16}",0.7516710033181352,0.8138442624907499,0.80187271729011,0.8014310949846029,0.7943949774414554,0.7926428111050107,0.021418150073202587,16,0.8415292067508534,0.8417903010193121,0.8783196271275453,0.8146558926738441,0.8519491060132248,0.845648826716956,0.020491442938479126
0.1907681941986084,0.014606928496446165,0.0016000747680664062,0.0008000376824471516,balanced,entropy,17,"{'DT__class_weight': 'balanced', 'DT__criterion': 'entropy', 'DT__max_depth': 17}",0.7514501921653816,0.8157897877825786,0.8056145711489342,0.8024038576305172,0.7994079873958607,0.7949332792246544,0.02243076174158317,7,0.8401670406531236,0.845420257334511,0.8751029457401353,0.8131221503425557,0.8500035807213959,0.8447631949583443,0.01985282947183435
0.19539990425109863,0.009067735994757738,0.0037985801696777343,0.0027123349137156143,balanced,entropy,18,"{'DT__class_weight': 'balanced', 'DT__criterion': 'entropy', 'DT__max_depth': 18}",0.7514501921653816,0.8146678284118307,0.7994796018237806,0.8133250578883292,0.7848941300040582,0.792763362058676,0.023308366214523372,14,0.8401670406531236,0.844859277649137,0.883614618891886,0.8447682676469886,0.8373039555035687,0.8501426320689408,0.016979490974620995
0.21408286094665527,0.02126573885205428,0.0024997234344482423,0.0029230612700848133,balanced,entropy,19,"{'DT__class_weight': 'balanced', 'DT__criterion': 'entropy', 'DT__max_depth': 19}",0.7514501921653816,0.8146678284118307,0.8001539710200282,0.8113795325965005,0.7953677400873698,0.7946038528562221,0.022705119740705028,8,0.8406534219760807,0.844859277649137,0.8799115561815186,0.8500244682628727,0.8506585543434152,0.8532214556826048,0.013834971262638752
0.2077617645263672,0.010772689593359041,0.0027974605560302734,0.0007465703508848897,balanced,entropy,20,"{'DT__class_weight': 'balanced', 'DT__criterion': 'entropy', 'DT__max_depth': 20}",0.7514501921653816,0.8146678284118307,0.8001539710200282,0.8104067699505862,0.7861652860996396,0.7925688095294932,0.022785258166791937,18,0.8406534219760807,0.844859277649137,0.8794251748585615,0.8527547683273258,0.8480774510037957,0.8531540187629801,0.013719855931435163
0.22658610343933105,0.01716860779170105,0.002401876449584961,0.0004895553924236772,balanced,entropy,21,"{'DT__class_weight': 'balanced', 'DT__criterion': 'entropy', 'DT__max_depth': 21}",0.7533957174572105,0.8153421976080781,0.8003031677448619,0.809284810579838,0.7892327707622163,0.7935117328304409,0.02190473450238358,11,0.8413829939605166,0.850921140579122,0.8865329068296295,0.8559162469265474,0.8458887350504882,0.8561284046692608,0.015961656134018596
0.2108992576599121,0.00837679312922489,0.0036018848419189452,0.002244916872512495,balanced,entropy,22,"{'DT__class_weight': 'balanced', 'DT__criterion': 'entropy', 'DT__max_depth': 22}",0.7514501921653816,0.8143694349621636,0.8030722589577716,0.8063665226420949,0.7882600081163018,0.7927036833687428,0.022294313692408797,15,0.8406534219760807,0.8514448210832875,0.8823434627963047,0.8572067985963573,0.8441118020577214,0.8551520613019502,0.014761001030394322
0.21507058143615723,0.007210609063288364,0.002105569839477539,0.0011944485620988697,balanced,entropy,23,"{'DT__class_weight': 'balanced', 'DT__criterion': 'entropy', 'DT__max_depth': 23}",0.7514501921653816,0.8059905468955147,0.7951409610656227,0.8062173259172616,0.7861652860996396,0.7889928624286842,0.020203216649575556,43,0.8406534219760807,0.8531471557136378,0.8882352414599795,0.8564026282495046,0.8480774510037957,0.8573031796805995,0.016353620242958847
0.22450356483459472,0.018259879792609925,0.00229339599609375,0.0011762623947752428,balanced,entropy,24,"{'DT__class_weight': 'balanced', 'DT__criterion': 'entropy', 'DT__max_depth': 24}",0.7489078799742188,0.8080852689121769,0.8012759303907763,0.8062173259172616,0.7902055334081307,0.7909383877205128,0.02191541435763918,21,0.847762645914397,0.8527920675085341,0.8858033348451936,0.8566458189109831,0.8478342603423171,0.858167625504285,0.014212578834854973
0.22287826538085936,0.019010508478677593,0.0019998073577880858,9.464947338714222e-07,balanced,entropy,25,"{'DT__class_weight': 'balanced', 'DT__criterion': 'entropy', 'DT__max_depth': 25}",0.7514501921653816,0.8101799909288392,0.7941681984197084,0.8113795325965005,0.7902055334081307,0.791476689503712,0.02171136658349686,20,0.8406534219760807,0.8548121911627796,0.8862524169869423,0.8564772266119214,0.8478342603423171,0.8572059034160082,0.015567743025771833
0.23182663917541504,0.01506331369865981,0.002198648452758789,0.001165452704171676,balanced,entropy,26,"{'DT__class_weight': 'balanced', 'DT__criterion': 'entropy', 'DT__max_depth': 26}",0.7514501921653816,0.812423909670335,0.7993304050989474,0.8123522952424148,0.7787591606789048,0.7908631925711965,0.023230290280027613,22,0.8406534219760807,0.8499662815401877,0.8855601441837149,0.8551866749421118,0.848377336420711,0.8559487718125613,0.015520816445763414
0.23342881202697754,0.011358231309640265,0.002599287033081055,0.0007993841448732028,balanced,entropy,27,"{'DT__class_weight': 'balanced', 'DT__criterion': 'entropy', 'DT__max_depth': 27}",0.7514501921653816,0.8119763194958345,0.7941681984197084,0.8062173259172616,0.7777863980329903,0.7883196868062353,0.02183793328822392,44,0.8406534219760807,0.8552612733045284,0.8865329068296293,0.8566458189109833,0.8481341457592324,0.8574455133560909,0.015621541372932864
0.23800239562988282,0.012682649079311588,0.003362083435058594,0.0018640895048496963,balanced,entropy,28,"{'DT__class_weight': 'balanced', 'DT__criterion': 'entropy', 'DT__max_depth': 28}",0.7469623546823901,0.8135458690410828,0.7970864863574516,0.8123522952424148,0.775691676016328,0.7891277362679335,0.025129322195447158,40,0.846097610465255,0.8504899620443532,0.8901434675705999,0.8551866749421118,0.850640650736435,0.8585116731517509,0.01607504791027158
0.23551254272460936,0.006929594387760944,0.002400493621826172,0.0004906821780967542,balanced,entropy,29,"{'DT__class_weight': 'balanced', 'DT__criterion': 'entropy', 'DT__max_depth': 29}",0.7514501921653816,0.8119763194958345,0.8041942183285195,0.8123522952424148,0.7655164593826836,0.7890978969229667,0.025555907538503023,41,0.8406534219760807,0.8552612733045284,0.8886843236017282,0.8551866749421118,0.8515388150199327,0.8582649017688764,0.016119819803212466
0.2414118766784668,0.014445339172177996,0.0022010326385498045,0.0003993792708993784,balanced,entropy,30,"{'DT__class_weight': 'balanced', 'DT__criterion': 'entropy', 'DT__max_depth': 30}",0.7533957174572105,0.812423909670335,0.8041942183285195,0.8123522952424148,0.7655164593826836,0.7895765200162327,0.025069316889831637,38,0.8413829939605166,0.8499662815401877,0.8886843236017282,0.8551866749421118,0.8515388150199327,0.8573518178128954,0.016307999542512393
0.22800207138061523,0.00593373506096204,0.0021995067596435546,0.0004001402133190015,balanced,entropy,31,"{'DT__class_weight': 'balanced', 'DT__criterion': 'entropy', 'DT__max_depth': 31}",0.7533957174572105,0.8090580315580911,0.8041942183285195,0.8123522952424148,0.7726241913537515,0.7903248907879975,0.023261874214661797,36,0.8413829939605166,0.8552612733045284,0.8886843236017282,0.8551866749421118,0.8533157480126997,0.8587662027643169,0.0158245057408181
0.24331412315368653,0.015467858542782927,0.0020123958587646485,2.5226263058239524e-05,balanced,entropy,32,"{'DT__class_weight': 'balanced', 'DT__criterion': 'entropy', 'DT__max_depth': 32}",0.7458403953116421,0.8111527535747536,0.8041942183285195,0.8123522952424148,0.7777863980329903,0.7902652120980641,0.025485019098724606,37,0.84897859922179,0.8548121911627796,0.8886843236017282,0.8551866749421118,0.8488264185624598,0.8592976414981738,0.014944735120188209
0.2276390552520752,0.007964056475941344,0.0011911392211914062,0.0009726763680351875,balanced,entropy,33,"{'DT__class_weight': 'balanced', 'DT__criterion': 'entropy', 'DT__max_depth': 33}",0.7468131579575564,0.8111527535747536,0.8041942183285195,0.8123522952424148,0.7655164593826836,0.7880057768971857,0.026807470519225662,45,0.8476880475519801,0.854849490343988,0.8886843236017282,0.8551866749421118,0.8530725573512211,0.8598962187582059,0.014642445494670015
0.23240628242492675,0.008317928316647301,0.001486349105834961,0.0011078488793650524,balanced,entropy,34,"{'DT__class_weight': 'balanced', 'DT__criterion': 'entropy', 'DT__max_depth': 34}",0.7533957174572105,0.8111527535747536,0.8041942183285195,0.8123522952424148,0.7818266453414814,0.792584325988876,0.02245806511308757,17,0.8413829939605166,0.854849490343988,0.8886843236017282,0.8551866749421118,0.8486205270821896,0.8577448019861068,0.01626740296218319
0.23343658447265625,0.0048969349947812595,0.002199745178222656,0.00039870760012115095,balanced,entropy,35,"{'DT__class_weight': 'balanced', 'DT__criterion': 'entropy', 'DT__max_depth': 35}",0.7427729106490655,0.8111527535747536,0.8041942183285195,0.8123522952424148,0.775691676016328,0.7892327707622163,0.026760877491675536,39,0.8461543052206919,0.854849490343988,0.8886843236017282,0.8551866749421118,0.850640650736435,0.8591030889689909,0.01515100461282786
0.23886265754699706,0.013807289804898731,0.0022605419158935546,0.0014111667336963252,balanced,entropy,36,"{'DT__class_weight': 'balanced', 'DT__criterion': 'entropy', 'DT__max_depth': 36}",0.7489078799742188,0.8111527535747536,0.8041942183285195,0.8123522952424148,0.7848941300040582,0.792300255424793,0.023818968415480243,19,0.8468271824496909,0.854849490343988,0.8886843236017282,0.8551866749421118,0.8499110787519992,0.8590917500179035,0.015123961996318507
0.2347872257232666,0.005640202135211337,0.0022006988525390624,0.0013276469504539797,balanced,entropy,37,"{'DT__class_weight': 'balanced', 'DT__criterion': 'entropy', 'DT__max_depth': 37}",0.7489078799742188,0.8111527535747536,0.8041942183285195,0.8123522952424148,0.7685839440452604,0.7890382182330333,0.025655894372987292,42,0.8468271824496909,0.854849490343988,0.8886843236017282,0.8551866749421118,0.8530352581700125,0.8597165859015062,0.014792669816731625
0.2348626136779785,0.01564649471723484,0.0026153087615966796,0.001191967715366584,balanced,entropy,38,"{'DT__class_weight': 'balanced', 'DT__criterion': 'entropy', 'DT__max_depth': 38}",0.7489078799742188,0.8111527535747536,0.8041942183285195,0.8123522952424148,0.775691676016328,0.790459764627247,0.024660792632146274,23,0.8468271824496909,0.854849490343988,0.8886843236017282,0.8551866749421118,0.850640650736435,0.8592376644147908,0.015037958847177192
0.24004030227661133,0.0083828002777246,0.001773834228515625,0.000949521763494534,balanced,entropy,39,"{'DT__class_weight': 'balanced', 'DT__criterion': 'entropy', 'DT__max_depth': 39}",0.7489078799742188,0.8111527535747536,0.8041942183285195,0.8123522952424148,0.775691676016328,0.790459764627247,0.024660792632146274,23,0.8468271824496909,0.854849490343988,0.8886843236017282,0.8551866749421118,0.850640650736435,0.8592376644147908,0.015037958847177192
0.24353404045104982,0.0121422230273455,0.0026003837585449217,0.0004884809638795275,balanced,entropy,40,"{'DT__class_weight': 'balanced', 'DT__criterion': 'entropy', 'DT__max_depth': 40}",0.7489078799742188,0.8111527535747536,0.8041942183285195,0.8123522952424148,0.775691676016328,0.790459764627247,0.024660792632146274,23,0.8468271824496909,0.854849490343988,0.8886843236017282,0.8551866749421118,0.850640650736435,0.8592376644147908,0.015037958847177192
0.24629778861999513,0.014423262164067743,0.0012556076049804687,0.0009152198016672559,balanced,entropy,41,"{'DT__class_weight': 'balanced', 'DT__criterion': 'entropy', 'DT__max_depth': 41}",0.7489078799742188,0.8111527535747536,0.8041942183285195,0.8123522952424148,0.775691676016328,0.790459764627247,0.024660792632146274,23,0.8468271824496909,0.854849490343988,0.8886843236017282,0.8551866749421118,0.850640650736435,0.8592376644147908,0.015037958847177192
0.23367676734924317,0.012383053773089934,0.0013995647430419921,0.0011997064212635033,balanced,entropy,42,"{'DT__class_weight': 'balanced', 'DT__criterion': 'entropy', 'DT__max_depth': 42}",0.7489078799742188,0.8111527535747536,0.8041942183285195,0.8123522952424148,0.775691676016328,0.790459764627247,0.024660792632146274,23,0.8468271824496909,0.854849490343988,0.8886843236017282,0.8551866749421118,0.850640650736435,0.8592376644147908,0.015037958847177192
0.2310495376586914,0.016385146746579884,0.0034331798553466795,0.0034763504105041697,balanced,entropy,43,"{'DT__class_weight': 'balanced', 'DT__criterion': 'entropy', 'DT__max_depth': 43}",0.7489078799742188,0.8111527535747536,0.8041942183285195,0.8123522952424148,0.775691676016328,0.790459764627247,0.024660792632146274,23,0.8468271824496909,0.854849490343988,0.8886843236017282,0.8551866749421118,0.850640650736435,0.8592376644147908,0.015037958847177192
0.22588324546813965,0.012545386284353918,0.0019989013671875,1.4927364199160125e-06,balanced,entropy,44,"{'DT__class_weight': 'balanced', 'DT__criterion': 'entropy', 'DT__max_depth': 44}",0.7489078799742188,0.8111527535747536,0.8041942183285195,0.8123522952424148,0.775691676016328,0.790459764627247,0.024660792632146274,23,0.8468271824496909,0.854849490343988,0.8886843236017282,0.8551866749421118,0.850640650736435,0.8592376644147908,0.015037958847177192
0.24167041778564452,0.005828393106213832,0.001598691940307617,0.0007993508822284799,balanced,entropy,45,"{'DT__class_weight': 'balanced', 'DT__criterion': 'entropy', 'DT__max_depth': 45}",0.7489078799742188,0.8111527535747536,0.8041942183285195,0.8123522952424148,0.775691676016328,0.790459764627247,0.024660792632146274,23,0.8468271824496909,0.854849490343988,0.8886843236017282,0.8551866749421118,0.850640650736435,0.8592376644147908,0.015037958847177192
0.23322076797485353,0.021305671816234696,0.004026985168457032,0.0030845048956743425,balanced,entropy,46,"{'DT__class_weight': 'balanced', 'DT__criterion': 'entropy', 'DT__max_depth': 46}",0.7489078799742188,0.8111527535747536,0.8041942183285195,0.8123522952424148,0.775691676016328,0.790459764627247,0.024660792632146274,23,0.8468271824496909,0.854849490343988,0.8886843236017282,0.8551866749421118,0.850640650736435,0.8592376644147908,0.015037958847177192
0.23470602035522461,0.010645599348856703,0.002601337432861328,0.0008017787099174081,balanced,entropy,47,"{'DT__class_weight': 'balanced', 'DT__criterion': 'entropy', 'DT__max_depth': 47}",0.7489078799742188,0.8111527535747536,0.8041942183285195,0.8123522952424148,0.775691676016328,0.790459764627247,0.024660792632146274,23,0.8468271824496909,0.854849490343988,0.8886843236017282,0.8551866749421118,0.850640650736435,0.8592376644147908,0.015037958847177192
0.23293237686157225,0.013181104263384888,0.0022001266479492188,0.00039970895762655626,balanced,entropy,48,"{'DT__class_weight': 'balanced', 'DT__criterion': 'entropy', 'DT__max_depth': 48}",0.7489078799742188,0.8111527535747536,0.8041942183285195,0.8123522952424148,0.775691676016328,0.790459764627247,0.024660792632146274,23,0.8468271824496909,0.854849490343988,0.8886843236017282,0.8551866749421118,0.850640650736435,0.8592376644147908,0.015037958847177192
0.23923702239990235,0.004999508947937322,0.002599763870239258,0.0004902149770370602,balanced,entropy,49,"{'DT__class_weight': 'balanced', 'DT__criterion': 'entropy', 'DT__max_depth': 49}",0.7489078799742188,0.8111527535747536,0.8041942183285195,0.8123522952424148,0.775691676016328,0.790459764627247,0.024660792632146274,23,0.8468271824496909,0.854849490343988,0.8886843236017282,0.8551866749421118,0.850640650736435,0.8592376644147908,0.015037958847177192
0.25356407165527345,0.020970936607397826,0.002400112152099609,0.0004887559099846706,balanced,entropy,50,"{'DT__class_weight': 'balanced', 'DT__criterion': 'entropy', 'DT__max_depth': 50}",0.7489078799742188,0.8111527535747536,0.8041942183285195,0.8123522952424148,0.775691676016328,0.790459764627247,0.024660792632146274,23,0.8468271824496909,0.854849490343988,0.8886843236017282,0.8551866749421118,0.850640650736435,0.8592376644147908,0.015037958847177192
0.04195470809936523,0.0043360666169749125,0.0030009269714355467,0.0010958449872122853,,gini,1,"{'DT__class_weight': None, 'DT__criterion': 'gini', 'DT__max_depth': 1}",0.5,0.5,0.5000000000000001,0.5,0.5,0.5,4.965068306494546e-17,195,0.5,0.5,0.5,0.5,0.5,0.5,0.0
0.043805408477783206,0.005382486263889103,0.002397918701171875,0.0004856832031760444,,gini,2,"{'DT__class_weight': None, 'DT__criterion': 'gini', 'DT__max_depth': 2}",0.677985724857368,0.7315533169415867,0.6637702609152324,0.697810985653243,0.7270654794585949,0.699637153565205,0.026568807984852377,191,0.7062659640495572,0.6882728390346375,0.7090529588694469,0.7005427776849442,0.7034595736554391,0.7015188226588049,0.007203802054720068
0.048398399353027345,0.00496243412582733,0.002201271057128906,0.0003999721168262581,,gini,3,"{'DT__class_weight': None, 'DT__criterion': 'gini', 'DT__max_depth': 3}",0.7117280561457116,0.7806330715428136,0.711877252870545,0.7468907402544699,0.7474159127258839,0.7397090067078848,0.025858433424099502,179,0.747433816332864,0.7256063354897234,0.7466296459860114,0.7378762741400301,0.7487989663650905,0.741269007662744,0.008720911965921608
0.051600980758666995,0.002153680342817508,0.002999544143676758,0.0012670815086188215,,gini,4,"{'DT__class_weight': None, 'DT__criterion': 'gini', 'DT__max_depth': 4}",0.7110536869494641,0.7806330715428136,0.711877252870545,0.7506325941132941,0.7474159127258839,0.7403225036404001,0.026257769229224036,175,0.766960683679072,0.7256063354897234,0.7466296459860114,0.7372033969110311,0.7503327086963788,0.7453465541524433,0.013781624720573541
0.06120429039001465,0.0057408007120644195,0.0025983810424804687,0.0004878201813074268,,gini,5,"{'DT__class_weight': None, 'DT__criterion': 'gini', 'DT__max_depth': 5}",0.7139719748872073,0.7806330715428136,0.6963906328328282,0.7506325941132941,0.7688883053639207,0.7421033157480128,0.032111518362403134,163,0.7689062089709008,0.7256063354897234,0.7481081855291114,0.7372033969110311,0.765464240528992,0.7490576734859518,0.016459225117503525
0.06921901702880859,0.010223353957225805,0.0032149314880371093,0.000764784557706482,,gini,6,"{'DT__class_weight': None, 'DT__criterion': 'gini', 'DT__max_depth': 6}",0.6941467140913323,0.7898355255305435,0.6963906328328282,0.7629025327636009,0.7606586140221051,0.7407868038480819,0.038564463893781854,172,0.7593501587453152,0.7369035114941158,0.7481081855291114,0.7477337017497793,0.7652031462605333,0.751459740755771,0.009880688137447125
0.09183874130249023,0.015822470201392984,0.004199075698852539,0.003430909842747525,,gini,7,"{'DT__class_weight': None, 'DT__criterion': 'gini', 'DT__max_depth': 7}",0.6941467140913323,0.7940249695638681,0.6963906328328282,0.7629025327636009,0.7606586140221051,0.7416246926547468,0.03965124028050141,166,0.7593501587453152,0.7435994605046431,0.7481081855291114,0.7477337017497793,0.7687943114272756,0.7535171635912249,0.009257228392274514
0.08409371376037597,0.004621862964170626,0.002600955963134766,0.0008005738662193327,,gini,8,"{'DT__class_weight': None, 'DT__criterion': 'gini', 'DT__max_depth': 8}",0.692350385524337,0.7898355255305435,0.6963906328328282,0.7516053567592085,0.7606586140221051,0.7381681029338045,0.03794871716889283,183,0.7670934687641737,0.7369035114941158,0.7481081855291114,0.7476218042061541,0.7672605690959873,0.7533975078179085,0.011942792064306191
0.11425752639770508,0.01744102513584724,0.0018013954162597657,0.000981010339714431,,gini,9,"{'DT__class_weight': None, 'DT__criterion': 'gini', 'DT__max_depth': 9}",0.692350385524337,0.7898355255305435,0.6963906328328282,0.7516053567592085,0.776145234059822,0.7412654269413479,0.04022187960136707,168,0.7670934687641737,0.7369035114941158,0.7481081855291114,0.7476218042061541,0.788638967797379,0.7576731875581868,0.01828398347589493
0.1118232250213623,0.0030973464986477307,0.002398824691772461,0.0004914591193136641,,gini,10,"{'DT__class_weight': None, 'DT__criterion': 'gini', 'DT__max_depth': 10}",0.692350385524337,0.7898355255305435,0.698634551574324,0.7516053567592085,0.776145234059822,0.741714210689647,0.039728164687907117,165,0.7670934687641737,0.7369035114941158,0.7570674488553627,0.7476218042061541,0.788638967797379,0.7594650402234371,0.017688099018402483
0.12742953300476073,0.01544125047799973,0.003610992431640625,0.0022655611167133583,,gini,11,"{'DT__class_weight': None, 'DT__criterion': 'gini', 'DT__max_depth': 11}",0.692350385524337,0.785944474946886,0.698634551574324,0.7516053567592085,0.776145234059822,0.7409360005729155,0.03880531568398058,170,0.7670934687641737,0.745656883340097,0.7570674488553627,0.7476218042061541,0.788638967797379,0.7612157145926333,0.01568861082824221
0.15998444557189942,0.008521798138545549,0.0016003131866455078,0.0013567403042066678,,gini,12,"{'DT__class_weight': None, 'DT__criterion': 'gini', 'DT__max_depth': 12}",0.692350385524337,0.785944474946886,0.698634551574324,0.7516053567592085,0.776145234059822,0.7409360005729155,0.03880531568398058,170,0.7670934687641737,0.7500522188536918,0.7570674488553627,0.7476218042061541,0.788638967797379,0.7620947816953523,0.014895268785176365
0.16140966415405272,0.012198223828156884,0.0026026248931884767,0.0008014707182834961,,gini,13,"{'DT__class_weight': None, 'DT__criterion': 'gini', 'DT__max_depth': 13}",0.6954178701869137,0.785944474946886,0.6966890262824951,0.7516053567592085,0.776145234059822,0.7411603924470651,0.03849345715512213,169,0.7773059845790266,0.7500522188536918,0.7593680623522954,0.7476218042061541,0.7871052254660906,0.7642906590914517,0.015457807080294697
0.18997435569763182,0.017535853758817475,0.004790115356445313,0.004112363358623735,,gini,14,"{'DT__class_weight': None, 'DT__criterion': 'gini', 'DT__max_depth': 14}",0.6915268196032561,0.7967164784798644,0.6966890262824951,0.7516053567592085,0.7626041393139338,0.7398283640877515,0.040218733740611384,177,0.7837214437468669,0.7972610465255067,0.7593680623522954,0.7476218042061541,0.7964777637201309,0.7768900241101908,0.020044820935696494
0.18230528831481935,0.017171123470290303,0.003226566314697266,0.0024295373673334443,,gini,15,"{'DT__class_weight': None, 'DT__criterion': 'gini', 'DT__max_depth': 15}",0.6902556635076746,0.8007567257883554,0.698634551574324,0.7548220381466186,0.7626041393139338,0.7414146236661814,0.04146712720553309,167,0.7680289322288798,0.8058085268912177,0.7570674488553627,0.7671859707335704,0.7964777637201309,0.7789137284858324,0.018788850630742596
0.18716073036193848,0.00992102510101439,0.0012001514434814454,0.0009799199833262506,,gini,16,"{'DT__class_weight': None, 'DT__criterion': 'gini', 'DT__max_depth': 16}",0.6902556635076746,0.8049461698216801,0.698634551574324,0.7537000787758708,0.7616313766680195,0.7418335680695136,0.04252623441292814,164,0.7680289322288798,0.8125044759017449,0.7570674488553627,0.7560946862094484,0.7949440213888426,0.7777279129168557,0.022337077800631117
0.20422830581665039,0.010185882522304446,0.0012010097503662109,0.0009806211586407645,,gini,17,"{'DT__class_weight': None, 'DT__criterion': 'gini', 'DT__max_depth': 17}",0.6902556635076746,0.8007567257883554,0.722201666229023,0.7548220381466186,0.7616313766680195,0.7459334940679382,0.037401168267070135,153,0.7680289322288798,0.8058085268912177,0.7923808216562032,0.7671859707335704,0.7964777637201309,0.7859764030460005,0.015619221140468768
0.20637450218200684,0.009335907219858077,0.0,0.0,,gini,18,"{'DT__class_weight': None, 'DT__criterion': 'gini', 'DT__max_depth': 18}",0.6853918502781027,0.8007567257883554,0.6924995822491705,0.7527273161299565,0.7616313766680195,0.7386013702227209,0.04370317983220447,182,0.7780355565634625,0.8058085268912177,0.7602662266357929,0.7614627843689575,0.7949440213888426,0.7801034231696546,0.018034741841023376
0.22162866592407227,0.012395727509004575,0.0036125659942626955,0.002356347213447709,,gini,19,"{'DT__class_weight': None, 'DT__criterion': 'gini', 'DT__max_depth': 19}",0.6915268196032561,0.8007567257883554,0.6955670669117472,0.7538492755007044,0.7616313766680195,0.7406662528944166,0.04164808258005018,173,0.7837214437468669,0.8058085268912177,0.7602662266357929,0.7725540688930796,0.7964777637201309,0.7837656059774176,0.01628134306760559
0.22420835494995117,0.008723369408508234,0.0012215137481689452,0.0009975560604144457,,gini,20,"{'DT__class_weight': None, 'DT__criterion': 'gini', 'DT__max_depth': 20}",0.6915268196032561,0.8007567257883554,0.6955670669117472,0.7538492755007044,0.7616313766680195,0.7406662528944166,0.04164808258005018,173,0.7837214437468669,0.8058085268912177,0.7602662266357929,0.7725540688930796,0.7949440213888426,0.78345885751116,0.016051779988227745
0.2405702590942383,0.01157361427538728,0.002200031280517578,0.000398712304876602,,gini,21,"{'DT__class_weight': None, 'DT__criterion': 'gini', 'DT__max_depth': 21}",0.6915268196032561,0.8007567257883554,0.7265403069871811,0.7506325941132941,0.7616313766680195,0.7462175646320213,0.03635896105958201,133,0.7837214437468669,0.8058085268912177,0.7948306318779689,0.7529899023656633,0.7949440213888426,0.7864589052541119,0.018133718371223503
0.22711024284362794,0.02679070631928814,0.001427459716796875,0.0011670865989814182,,gini,22,"{'DT__class_weight': None, 'DT__criterion': 'gini', 'DT__max_depth': 22}",0.6915268196032561,0.8007567257883554,0.7223508629538565,0.7507817908381276,0.7616313766680195,0.745409515170323,0.036852056070486326,155,0.7837214437468669,0.8058085268912177,0.7964956673271109,0.7742564035234301,0.7964777637201309,0.7913519610417513,0.011065321908172845
0.2244570732116699,0.014168836969028969,0.0044231414794921875,0.002585184339925934,,gini,23,"{'DT__class_weight': None, 'DT__criterion': 'gini', 'DT__max_depth': 23}",0.6915268196032561,0.8007567257883554,0.7254183476164332,0.7538492755007044,0.7616313766680195,0.7466365090353538,0.03658730971279074,131,0.7837214437468669,0.8058085268912177,0.7964956673271109,0.7725540688930796,0.7949440213888426,0.7907047456494235,0.011470344481727157
0.2314459800720215,0.020608133439730253,0.0024003505706787108,0.0004905050597640763,,gini,24,"{'DT__class_weight': None, 'DT__criterion': 'gini', 'DT__max_depth': 24}",0.6915268196032561,0.8007567257883554,0.7223508629538565,0.7507817908381276,0.7616313766680195,0.745409515170323,0.036852056070486326,155,0.7837214437468669,0.8058085268912177,0.7964956673271109,0.7742564035234301,0.7949440213888426,0.7910452125754937,0.010939518417089069
0.23511476516723634,0.008050428942486205,0.0026123523712158203,0.0023540407269322483,,gini,25,"{'DT__class_weight': None, 'DT__criterion': 'gini', 'DT__max_depth': 25}",0.6915268196032561,0.8007567257883554,0.7223508629538565,0.7507817908381276,0.7637260986846817,0.7458284595736555,0.03704548839530652,154,0.7837214437468669,0.8058085268912177,0.8010968943209757,0.7742564035234301,0.8003121195483518,0.7930390776061685,0.012004095390990581
0.23367295265197754,0.018182263538892022,0.001200389862060547,0.0009801143844100175,,gini,26,"{'DT__class_weight': None, 'DT__criterion': 'gini', 'DT__max_depth': 26}",0.6863646129240171,0.8007567257883554,0.7254183476164332,0.7507817908381276,0.7616313766680195,0.7449905707669905,0.0380536293903125,157,0.7744443913967199,0.8058085268912177,0.7964956673271109,0.7742564035234301,0.7964777637201309,0.789496550571722,0.012826808813653006
0.24221367835998536,0.007538923007313377,0.0018006324768066405,0.0009796875655331719,,gini,27,"{'DT__class_weight': None, 'DT__criterion': 'gini', 'DT__max_depth': 27}",0.6915268196032561,0.8007567257883554,0.7254183476164332,0.7507817908381276,0.7616313766680195,0.7460230121028384,0.036486802076389345,134,0.7837214437468669,0.8058085268912177,0.8010968943209757,0.7742564035234301,0.7964777637201309,0.7922722064405243,0.011631667953944734
0.23025951385498047,0.010685319848085321,0.0013482093811035157,0.000771973254873994,,gini,28,"{'DT__class_weight': None, 'DT__criterion': 'gini', 'DT__max_depth': 28}",0.7126232364947125,0.8007567257883554,0.7254183476164332,0.7507817908381276,0.7616313766680195,0.7502422954811296,0.030702221031704086,124,0.8236166479673439,0.8058085268912177,0.8010968943209757,0.7742564035234301,0.7964777637201309,0.8002512472846197,0.015921755587750892
0.24108619689941407,0.009568922239471549,0.002420806884765625,0.0029780015516462062,,gini,29,"{'DT__class_weight': None, 'DT__criterion': 'gini', 'DT__max_depth': 29}",0.6915268196032561,0.8007567257883554,0.7254183476164332,0.7507817908381276,0.7616313766680195,0.7460230121028384,0.036486802076389345,134,0.7837214437468669,0.8058085268912177,0.8010968943209757,0.7742564035234301,0.7964777637201309,0.7922722064405243,0.011631667953944734
0.22628531455993653,0.015268135994851825,0.0028005599975585937,0.0007491191824734607,,gini,30,"{'DT__class_weight': None, 'DT__criterion': 'gini', 'DT__max_depth': 30}",0.6915268196032561,0.8007567257883554,0.7254183476164332,0.7507817908381276,0.7616313766680195,0.7460230121028384,0.036486802076389345,134,0.7837214437468669,0.8058085268912177,0.8010968943209757,0.7742564035234301,0.7964777637201309,0.7922722064405243,0.011631667953944734
0.2331556797027588,0.0163808291586577,0.0020551681518554688,0.0005504307314040082,,gini,31,"{'DT__class_weight': None, 'DT__criterion': 'gini', 'DT__max_depth': 31}",0.6863646129240171,0.8007567257883554,0.7254183476164332,0.7507817908381276,0.7616313766680195,0.7449905707669905,0.0380536293903125,157,0.7744443913967199,0.8058085268912177,0.8010968943209757,0.7742564035234301,0.7964777637201309,0.790416795970495,0.013446049259804936
0.23876447677612306,0.011955532854916347,0.0028292179107666016,0.002734038688714654,,gini,32,"{'DT__class_weight': None, 'DT__criterion': 'gini', 'DT__max_depth': 32}",0.6863646129240171,0.8007567257883554,0.7254183476164332,0.7507817908381276,0.7616313766680195,0.7449905707669905,0.0380536293903125,157,0.7744443913967199,0.8058085268912177,0.8010968943209757,0.7742564035234301,0.7964777637201309,0.790416795970495,0.013446049259804936
0.2341785430908203,0.01747680538443948,0.0016753196716308594,0.0008503248997914374,,gini,33,"{'DT__class_weight': None, 'DT__criterion': 'gini', 'DT__max_depth': 33}",0.6915268196032561,0.8007567257883554,0.7254183476164332,0.7507817908381276,0.7616313766680195,0.7460230121028384,0.036486802076389345,134,0.7837214437468669,0.8058085268912177,0.8010968943209757,0.7742564035234301,0.7964777637201309,0.7922722064405243,0.011631667953944734
0.23474516868591308,0.01074351408032288,0.0034133434295654298,0.002795950820090995,,gini,34,"{'DT__class_weight': None, 'DT__criterion': 'gini', 'DT__max_depth': 34}",0.6863646129240171,0.8007567257883554,0.7254183476164332,0.7507817908381276,0.7616313766680195,0.7449905707669905,0.0380536293903125,157,0.7744443913967199,0.8058085268912177,0.8010968943209757,0.7742564035234301,0.7964777637201309,0.790416795970495,0.013446049259804936
0.24672393798828124,0.012417031456780612,0.002277565002441406,0.00038059818724644275,,gini,35,"{'DT__class_weight': None, 'DT__criterion': 'gini', 'DT__max_depth': 35}",0.6915268196032561,0.8007567257883554,0.7254183476164332,0.7507817908381276,0.7616313766680195,0.7460230121028384,0.036486802076389345,134,0.7837214437468669,0.8058085268912177,0.8010968943209757,0.7742564035234301,0.7964777637201309,0.7922722064405243,0.011631667953944734
0.23911609649658203,0.020812170266040236,0.0014256954193115235,0.001213569185679975,,gini,36,"{'DT__class_weight': None, 'DT__criterion': 'gini', 'DT__max_depth': 36}",0.6863646129240171,0.8007567257883554,0.7254183476164332,0.7507817908381276,0.7616313766680195,0.7449905707669905,0.0380536293903125,157,0.7744443913967199,0.8058085268912177,0.8010968943209757,0.7742564035234301,0.7964777637201309,0.790416795970495,0.013446049259804936
0.23126792907714844,0.014050540246392086,0.0030201435089111327,0.002720517675256948,,gini,37,"{'DT__class_weight': None, 'DT__criterion': 'gini', 'DT__max_depth': 37}",0.6915268196032561,0.8007567257883554,0.7254183476164332,0.7507817908381276,0.7616313766680195,0.7460230121028384,0.036486802076389345,134,0.7837214437468669,0.8058085268912177,0.8010968943209757,0.7742564035234301,0.7964777637201309,0.7922722064405243,0.011631667953944734
0.24139604568481446,0.013830732009043875,0.001601266860961914,0.0014979435863522808,,gini,38,"{'DT__class_weight': None, 'DT__criterion': 'gini', 'DT__max_depth': 38}",0.6915268196032561,0.8007567257883554,0.7254183476164332,0.7507817908381276,0.7616313766680195,0.7460230121028384,0.036486802076389345,134,0.7837214437468669,0.8058085268912177,0.8010968943209757,0.7742564035234301,0.7964777637201309,0.7922722064405243,0.011631667953944734
0.2318476676940918,0.012466127432322869,0.0030136585235595705,0.0010849380976858437,,gini,39,"{'DT__class_weight': None, 'DT__criterion': 'gini', 'DT__max_depth': 39}",0.6915268196032561,0.8007567257883554,0.7254183476164332,0.7507817908381276,0.7616313766680195,0.7460230121028384,0.036486802076389345,134,0.7837214437468669,0.8058085268912177,0.8010968943209757,0.7742564035234301,0.7964777637201309,0.7922722064405243,0.011631667953944734
0.22956562042236328,0.011453813840000838,0.002199077606201172,0.0011655419390338732,,gini,40,"{'DT__class_weight': None, 'DT__criterion': 'gini', 'DT__max_depth': 40}",0.6915268196032561,0.8007567257883554,0.7254183476164332,0.7507817908381276,0.7616313766680195,0.7460230121028384,0.036486802076389345,134,0.7837214437468669,0.8058085268912177,0.8010968943209757,0.7742564035234301,0.7964777637201309,0.7922722064405243,0.011631667953944734
0.2370394229888916,0.01303153187423087,0.0032225131988525392,0.0026805143190526686,,gini,41,"{'DT__class_weight': None, 'DT__criterion': 'gini', 'DT__max_depth': 41}",0.6915268196032561,0.8007567257883554,0.7254183476164332,0.7507817908381276,0.7616313766680195,0.7460230121028384,0.036486802076389345,134,0.7837214437468669,0.8058085268912177,0.8010968943209757,0.7742564035234301,0.7964777637201309,0.7922722064405243,0.011631667953944734
0.23388028144836426,0.007093156657773465,0.0006216049194335937,0.0008119017027040859,,gini,42,"{'DT__class_weight': None, 'DT__criterion': 'gini', 'DT__max_depth': 42}",0.6915268196032561,0.8007567257883554,0.7254183476164332,0.7507817908381276,0.7616313766680195,0.7460230121028384,0.036486802076389345,134,0.7837214437468669,0.8058085268912177,0.8010968943209757,0.7742564035234301,0.7964777637201309,0.7922722064405243,0.011631667953944734
0.24358749389648438,0.01639413041686332,0.0019993305206298826,0.001263764718427384,,gini,43,"{'DT__class_weight': None, 'DT__criterion': 'gini', 'DT__max_depth': 43}",0.6915268196032561,0.8007567257883554,0.7254183476164332,0.7507817908381276,0.7616313766680195,0.7460230121028384,0.036486802076389345,134,0.7837214437468669,0.8058085268912177,0.8010968943209757,0.7742564035234301,0.7964777637201309,0.7922722064405243,0.011631667953944734
0.23208823204040527,0.019639497981396012,0.002399444580078125,0.0011997228586046967,,gini,44,"{'DT__class_weight': None, 'DT__criterion': 'gini', 'DT__max_depth': 44}",0.6915268196032561,0.8007567257883554,0.7254183476164332,0.7507817908381276,0.7616313766680195,0.7460230121028384,0.036486802076389345,134,0.7837214437468669,0.8058085268912177,0.8010968943209757,0.7742564035234301,0.7964777637201309,0.7922722064405243,0.011631667953944734
0.24426169395446778,0.009470510395516833,0.0016825199127197266,0.0009842683148840485,,gini,45,"{'DT__class_weight': None, 'DT__criterion': 'gini', 'DT__max_depth': 45}",0.6915268196032561,0.8007567257883554,0.7254183476164332,0.7507817908381276,0.7616313766680195,0.7460230121028384,0.036486802076389345,134,0.7837214437468669,0.8058085268912177,0.8010968943209757,0.7742564035234301,0.7964777637201309,0.7922722064405243,0.011631667953944734
0.23596959114074706,0.012386343470877345,0.0023985385894775392,0.0004905260813112007,,gini,46,"{'DT__class_weight': None, 'DT__criterion': 'gini', 'DT__max_depth': 46}",0.6915268196032561,0.8007567257883554,0.7254183476164332,0.7507817908381276,0.7616313766680195,0.7460230121028384,0.036486802076389345,134,0.7837214437468669,0.8058085268912177,0.8010968943209757,0.7742564035234301,0.7964777637201309,0.7922722064405243,0.011631667953944734
0.23593039512634278,0.01920418494075202,0.003400278091430664,0.0008012296684808405,,gini,47,"{'DT__class_weight': None, 'DT__criterion': 'gini', 'DT__max_depth': 47}",0.6915268196032561,0.8007567257883554,0.7254183476164332,0.7507817908381276,0.7616313766680195,0.7460230121028384,0.036486802076389345,134,0.7837214437468669,0.8058085268912177,0.8010968943209757,0.7742564035234301,0.7964777637201309,0.7922722064405243,0.011631667953944734
0.24182991981506347,0.018769203865008886,0.002936124801635742,0.0013932134623543357,,gini,48,"{'DT__class_weight': None, 'DT__criterion': 'gini', 'DT__max_depth': 48}",0.6915268196032561,0.8007567257883554,0.7254183476164332,0.7507817908381276,0.7616313766680195,0.7460230121028384,0.036486802076389345,134,0.7837214437468669,0.8058085268912177,0.8010968943209757,0.7742564035234301,0.7964777637201309,0.7922722064405243,0.011631667953944734
0.24580888748168944,0.025404863682699445,0.0032289505004882814,0.00245556861221792,,gini,49,"{'DT__class_weight': None, 'DT__criterion': 'gini', 'DT__max_depth': 49}",0.6915268196032561,0.8007567257883554,0.7254183476164332,0.7507817908381276,0.7616313766680195,0.7460230121028384,0.036486802076389345,134,0.7837214437468669,0.8058085268912177,0.8010968943209757,0.7742564035234301,0.7964777637201309,0.7922722064405243,0.011631667953944734
0.25629658699035646,0.01786252067336535,0.0018133163452148438,0.00098352567492684,,gini,50,"{'DT__class_weight': None, 'DT__criterion': 'gini', 'DT__max_depth': 50}",0.6915268196032561,0.8007567257883554,0.7254183476164332,0.7507817908381276,0.7616313766680195,0.7460230121028384,0.036486802076389345,134,0.7837214437468669,0.8058085268912177,0.8010968943209757,0.7742564035234301,0.7964777637201309,0.7922722064405243,0.011631667953944734
0.0377385139465332,0.0015942299628205032,0.002826213836669922,0.0016495218378426624,,entropy,1,"{'DT__class_weight': None, 'DT__criterion': 'entropy', 'DT__max_depth': 1}",0.5,0.5,0.5000000000000001,0.5,0.5,0.5,4.965068306494546e-17,195,0.5,0.5,0.5,0.5,0.5,0.5,0.0
0.043803071975708006,0.006895032383350787,0.003229236602783203,0.00268867026652671,,entropy,2,"{'DT__class_weight': None, 'DT__criterion': 'entropy', 'DT__max_depth': 2}",0.677985724857368,0.7315533169415867,0.5757143539185028,0.697810985653243,0.5674846625766872,0.6501098087894776,0.06640348256391256,193,0.7062659640495572,0.6882728390346375,0.596382576209687,0.7005427776849442,0.598439999045141,0.6579808312047934,0.04979966825810207
0.0535853385925293,0.005298268050751584,0.001889657974243164,0.0011205667373980358,,entropy,3,"{'DT__class_weight': None, 'DT__criterion': 'entropy', 'DT__max_depth': 3}",0.7117280561457116,0.7806330715428136,0.7120264495953786,0.7468907402544699,0.7454703874340551,0.7393497409944858,0.025722216430958338,181,0.747433816332864,0.7256063354897234,0.7560558950609917,0.7378762741400301,0.7476949106013226,0.7429334463249864,0.010401223903921121
0.05675959587097168,0.005685456143830719,0.0022041797637939453,0.0004009158524122478,,entropy,4,"{'DT__class_weight': None, 'DT__criterion': 'entropy', 'DT__max_depth': 4}",0.6994581174954049,0.7806330715428136,0.7120264495953786,0.7468907402544699,0.7474159127258839,0.7372848583227901,0.028784816669333104,186,0.7527094125229763,0.7256063354897234,0.7560558950609917,0.7378762741400301,0.7487989663650905,0.7442093767157625,0.011134058288597601
0.0593163013458252,0.00645995567037945,0.0014629364013671875,0.0012333820565317423,,entropy,5,"{'DT__class_weight': None, 'DT__criterion': 'entropy', 'DT__max_depth': 5}",0.7023764054331479,0.7806330715428136,0.7058914802702253,0.7527273161299564,0.7474159127258839,0.7378088372204055,0.029742047189415415,184,0.7546549378148052,0.7256063354897234,0.755700806855888,0.7388117376047362,0.7503327086963788,0.7450213052923063,0.011406747289631747
0.07348995208740235,0.008965428597827192,0.0015990257263183594,0.0013554127834890467,,entropy,6,"{'DT__class_weight': None, 'DT__criterion': 'entropy', 'DT__max_depth': 6}",0.7002816834164858,0.7806330715428136,0.6984853548494904,0.7606586140221051,0.7474159127258839,0.7374949273113556,0.0328708201485746,185,0.7558708911221982,0.7256063354897234,0.757665727721945,0.7489496550571723,0.7503327086963788,0.7476850636174834,0.011512609431538149
0.07803325653076172,0.012149899863982556,0.003224611282348633,0.0035320451081791247,,entropy,7,"{'DT__class_weight': None, 'DT__criterion': 'entropy', 'DT__max_depth': 7}",0.6888353106872599,0.7806330715428136,0.6976617889284096,0.7606586140221051,0.7495106347425462,0.7354598839846269,0.03598767369967216,187,0.7490630445680457,0.7256063354897234,0.7630711250626626,0.7489496550571723,0.761611981093791,0.7496604282542789,0.013432407443896174
0.10429525375366211,0.021270036217680303,0.0016006946563720704,0.000800349151710729,,entropy,8,"{'DT__class_weight': None, 'DT__criterion': 'entropy', 'DT__max_depth': 8}",0.7313265379198396,0.766119214151011,0.6976617889284096,0.7606586140221051,0.742253706046645,0.7396039722136021,0.024417369814482077,180,0.8066126972380703,0.7286186173641116,0.7630711250626626,0.7489496550571723,0.7679155427180063,0.7630335274880047,0.025712724569256447
0.10367741584777831,0.003057413075182365,0.003217458724975586,0.0026673181357798246,,entropy,9,"{'DT__class_weight': None, 'DT__criterion': 'entropy', 'DT__max_depth': 9}",0.7293810126280108,0.7682139361676734,0.698634551574324,0.7606586140221051,0.742253706046645,0.7398283640877517,0.02470465397517,176,0.8094369912391683,0.7286186173641116,0.76525984101597,0.7489496550571723,0.7679155427180063,0.7640361294788857,0.02668253151580388
0.12551651000976563,0.012544777511035311,0.0022020339965820312,0.0013270508072984665,,entropy,10,"{'DT__class_weight': None, 'DT__criterion': 'entropy', 'DT__max_depth': 10}",0.7293810126280108,0.7673903702465924,0.7326752763123344,0.766119214151011,0.742253706046645,0.7475639158769187,0.016234994758225655,129,0.8094369912391683,0.7533076913895587,0.7946247403976987,0.7666995894106133,0.7663818003867179,0.7780901625647514,0.020673740403120457
0.13515763282775878,0.013974587434279,0.0021989822387695314,0.00039956755680083973,,entropy,11,"{'DT__class_weight': None, 'DT__criterion': 'entropy', 'DT__max_depth': 11}",0.727435487336182,0.7673903702465924,0.7305805542956721,0.7651464515050967,0.742253706046645,0.7465613138860377,0.01684633095239881,132,0.8142441097133036,0.7533076913895587,0.7943815497362203,0.7697670740731901,0.7679155427180063,0.7799231935260559,0.02164571434015937
0.146683406829834,0.008811723911321364,0.0023061275482177735,0.001142371813886092,,entropy,12,"{'DT__class_weight': None, 'DT__criterion': 'entropy', 'DT__max_depth': 12}",0.727435487336182,0.7694850922632547,0.6955670669117472,0.7641736888591821,0.742253706046645,0.7397830082834022,0.02679826182444266,178,0.8142441097133036,0.7533076913895587,0.7662326036618845,0.7744056002482634,0.7663818003867179,0.7749143610799456,0.020794776479232186
0.15654425621032714,0.011727535429548195,0.002401113510131836,0.0004908572453201178,,entropy,13,"{'DT__class_weight': None, 'DT__criterion': 'entropy', 'DT__max_depth': 13}",0.7388818600654078,0.7694850922632547,0.7444200424912273,0.7641736888591821,0.742253706046645,0.7518428779451433,0.012476660708680342,122,0.8217815282518919,0.7533076913895587,0.8111587214437469,0.7744056002482634,0.7679155427180063,0.7857138168102934,0.02624170066021748
0.16739444732666015,0.011808593735741182,0.0019996166229248047,6.743495761743046e-07,,entropy,14,"{'DT__class_weight': None, 'DT__criterion': 'entropy', 'DT__max_depth': 14}",0.7388818600654078,0.7738237330214128,0.6996073142202383,0.7641736888591821,0.742253706046645,0.7437480604425771,0.02567516642796646,162,0.8217815282518919,0.7692806927502329,0.7684213196151918,0.7744056002482634,0.7679155427180063,0.7803609367167172,0.020839124406976786
0.18015213012695314,0.018783252346707368,0.002208518981933594,0.0003943663375322463,,entropy,15,"{'DT__class_weight': None, 'DT__criterion': 'entropy', 'DT__max_depth': 15}",0.727435487336182,0.7738237330214128,0.7402305984579027,0.7641736888591821,0.742253706046645,0.7495834427442649,0.016924536150063618,127,0.8142441097133036,0.7692806927502329,0.8179486643909194,0.7744056002482634,0.7663818003867179,0.7884521734978874,0.022747396387823336
0.17648849487304688,0.01186410952853117,0.002400922775268555,0.0004900378104780711,,entropy,16,"{'DT__class_weight': None, 'DT__criterion': 'entropy', 'DT__max_depth': 16}",0.722273280656943,0.7717290110047504,0.738285073166074,0.7641736888591821,0.742253706046645,0.7477429519467189,0.01796434018722674,128,0.815871845981237,0.7692806927502329,0.8169759017450049,0.7744056002482634,0.7679155427180063,0.788889916688549,0.022587999090705708
0.19520049095153807,0.009871362809208785,0.0037950992584228514,0.0034099812500961173,,entropy,17,"{'DT__class_weight': None, 'DT__criterion': 'entropy', 'DT__max_depth': 17}",0.722273280656943,0.7673903702465924,0.7392578358119883,0.76529564822993,0.742253706046645,0.7472941681984198,0.016993789044105204,130,0.8161150366427157,0.7533076913895587,0.8143947984053854,0.7831589720942447,0.7679155427180063,0.7869784082499822,0.02494914696731049
0.19967961311340332,0.011400843500367519,0.0012111663818359375,0.000989157522296262,,entropy,18,"{'DT__class_weight': None, 'DT__criterion': 'entropy', 'DT__max_depth': 18}",0.733719653386169,0.7673903702465924,0.7394070325368218,0.7672411735217589,0.742253706046645,0.7500023871475975,0.014401032801732066,125,0.8231660738583467,0.7533076913895587,0.8272824114965028,0.786189157575613,0.7663818003867179,0.7912654269413478,0.02966690924101345
0.19043998718261718,0.0077700481862401655,0.0036384105682373048,0.0023726610955043083,,entropy,19,"{'DT__class_weight': None, 'DT__criterion': 'entropy', 'DT__max_depth': 19}",0.733719653386169,0.7694850922632547,0.7353667852283308,0.7672411735217589,0.742253706046645,0.7496132820892317,0.015590797680904373,126,0.8234092645198253,0.7533076913895587,0.827488302976773,0.786189157575613,0.7663818003867179,0.7913552433696976,0.02976923168977881
0.2065121650695801,0.01595570792466126,0.002401447296142578,0.0004904915980840959,,entropy,20,"{'DT__class_weight': None, 'DT__criterion': 'entropy', 'DT__max_depth': 20}",0.733719653386169,0.7774880045833235,0.7340956291327494,0.76529564822993,0.7703086581843357,0.7561815187033015,0.01859533102231824,118,0.8236524551813039,0.8149557780907594,0.8144514931608222,0.7844495237640545,0.8111587214437469,0.8097335943281374,0.013300974939311932
0.20091867446899414,0.01149357172473576,0.0007997035980224609,0.0009794328832132637,,entropy,21,"{'DT__class_weight': None, 'DT__criterion': 'entropy', 'DT__max_depth': 21}",0.722273280656943,0.7661908285789311,0.7292318159031773,0.7662684108758446,0.7703086581843357,0.7508545988398463,0.020667280711640097,123,0.8161150366427157,0.8039017927478456,0.832930999498699,0.7846554152443247,0.8096249791124587,0.8094456446492087,0.015756678651735356
0.21308655738830568,0.009017576856486118,0.003113079071044922,0.0022258522648202837,,entropy,22,"{'DT__class_weight': None, 'DT__criterion': 'entropy', 'DT__max_depth': 22}",0.733719653386169,0.780257095796233,0.733421259936502,0.7672411735217589,0.7703086581843357,0.7569895681649996,0.019600130101464303,116,0.8234092645198253,0.8063709985438401,0.8334173808216564,0.7854222864099688,0.8096249791124587,0.8116489818815499,0.016321523769729562
0.2197493076324463,0.016411781829601443,0.0009989261627197266,0.0012630491269642879,,entropy,23,"{'DT__class_weight': None, 'DT__criterion': 'entropy', 'DT__max_depth': 23}",0.7306521687235922,0.7671635912248457,0.733421259936502,0.76529564822993,0.7703086581843357,0.7533682652598411,0.01751259237603424,121,0.8231660738583467,0.8094757823876251,0.8331741901601777,0.7859832660953427,0.8111587214437469,0.812591606789048,0.01584441484318534
0.21456522941589357,0.009159411489096507,0.0022186279296875,0.003157323823361852,,entropy,24,"{'DT__class_weight': None, 'DT__criterion': 'entropy', 'DT__max_depth': 24}",0.733719653386169,0.7792843331503188,0.7364887445990786,0.76529564822993,0.7703086581843357,0.7570194075099665,0.01846734371533354,115,0.8234092645198253,0.8012460910458095,0.8331741901601777,0.7844495237640545,0.8111587214437469,0.8106875581867229,0.017001695071304775
0.21511173248291016,0.01208430929798482,0.0007999420166015625,0.0009797254508370555,,entropy,25,"{'DT__class_weight': None, 'DT__criterion': 'entropy', 'DT__max_depth': 25}",0.733719653386169,0.7682855505955933,0.733421259936502,0.76529564822993,0.7703086581843357,0.7542061540665059,0.016924570661671388,120,0.83079748633358,0.8039017927478456,0.8331741901601777,0.7844495237640545,0.8096249791124587,0.8123895944236234,0.01806202274424656
0.22058863639831544,0.011069940008118987,0.004403924942016602,0.003475640390782652,,entropy,26,"{'DT__class_weight': None, 'DT__criterion': 'entropy', 'DT__max_depth': 26}",0.7367871380487456,0.771054641808503,0.7303537752739253,0.76529564822993,0.7703086581843357,0.754759972309088,0.017532618621986986,119,0.8318448473419112,0.7981786063832328,0.8334173808216564,0.7844495237640545,0.8096249791124587,0.8115030674846627,0.01901045945900775
0.22654271125793457,0.00967857449578446,0.0014000415802001953,0.0012001836625695358,,entropy,27,"{'DT__class_weight': None, 'DT__criterion': 'entropy', 'DT__max_depth': 27}",0.7419493447279846,0.7823518178128955,0.7385834666157409,0.76529564822993,0.7703086581843357,0.7596977871141773,0.016840151294355652,93,0.8322372347282232,0.8058473180396744,0.8300127115609558,0.7844495237640545,0.8096249791124587,0.8124343534410734,0.017524754451992204
0.21793417930603026,0.01853922065301207,0.002209758758544922,0.00039720059010740343,,entropy,28,"{'DT__class_weight': None, 'DT__criterion': 'entropy', 'DT__max_depth': 28}",0.7419493447279846,0.780257095796233,0.7314757346446732,0.76529564822993,0.7703086581843357,0.7578572963166313,0.01822726654367583,114,0.830703492396935,0.8058473180396744,0.8329309994986991,0.7844495237640545,0.8096249791124587,0.8127112625623644,0.017820902648531645
0.22922968864440918,0.010014084855493599,0.0028016090393066405,0.002316927528961299,,entropy,29,"{'DT__class_weight': None, 'DT__criterion': 'entropy', 'DT__max_depth': 29}",0.7367871380487456,0.7823518178128955,0.7272862906113485,0.76529564822993,0.7703086581843357,0.7564059105774511,0.020872721103508532,117,0.8323312286648683,0.8058473180396744,0.8317150461913061,0.7844495237640545,0.8096249791124587,0.8127936191544725,0.017896467298801396
0.22035226821899415,0.016430466890087495,0.0044400691986083984,0.002987138729662638,,entropy,30,"{'DT__class_weight': None, 'DT__criterion': 'entropy', 'DT__max_depth': 30}",0.7482335107779714,0.780257095796233,0.7293810126280108,0.76529564822993,0.7703086581843357,0.7586951851232963,0.01795618111303295,97,0.8393822658804992,0.8058473180396744,0.8317150461913061,0.7844495237640545,0.8096249791124587,0.8142038265975987,0.019579132938221968
0.22675070762634278,0.0067143099974777895,0.0046253204345703125,0.0032056470304768526,,entropy,31,"{'DT__class_weight': None, 'DT__criterion': 'entropy', 'DT__max_depth': 31}",0.7482335107779714,0.7741221264710798,0.7355159819531641,0.76529564822993,0.7703086581843357,0.7586951851232963,0.014581848160088397,97,0.8398686472034566,0.8020129622114536,0.8317150461913059,0.7844495237640545,0.8096249791124587,0.8135342316965459,0.02008972671599158
0.23384356498718262,0.016864834031764666,0.0014000892639160155,0.001199730843132958,,entropy,32,"{'DT__class_weight': None, 'DT__criterion': 'entropy', 'DT__max_depth': 32}",0.7482335107779714,0.776216848487742,0.7314757346446732,0.76529564822993,0.7703086581843357,0.7583060800649305,0.016340352857585994,112,0.839625456541978,0.8020129622114536,0.8285535675920843,0.7844495237640545,0.8096249791124587,0.8128532978444059,0.01948310166249505
0.22864747047424316,0.013994799239416083,0.0024787425994873048,0.0030860501385214347,,entropy,33,"{'DT__class_weight': None, 'DT__criterion': 'entropy', 'DT__max_depth': 33}",0.7482335107779714,0.776216848487742,0.7345432193072499,0.76529564822993,0.7703086581843357,0.7589195769974458,0.015349005708121042,96,0.841402389534745,0.8020129622114536,0.8329309994986991,0.7844495237640545,0.8096249791124587,0.8140841708242823,0.020713757742510105
0.22109713554382324,0.0053212510680971555,0.0027289390563964844,0.0010307281503448684,,entropy,34,"{'DT__class_weight': None, 'DT__criterion': 'entropy', 'DT__max_depth': 34}",0.7482335107779714,0.7741221264710798,0.7345432193072499,0.76529564822993,0.7703086581843357,0.7585006325941134,0.014892979678785037,99,0.841402389534745,0.8020129622114536,0.8329309994986991,0.7844495237640545,0.8096249791124587,0.8140841708242823,0.020713757742510105
0.2198232650756836,0.010010981211770659,0.0032097816467285155,0.0025034339511215077,,entropy,35,"{'DT__class_weight': None, 'DT__criterion': 'entropy', 'DT__max_depth': 35}",0.7482335107779714,0.7771896111336565,0.7345432193072499,0.76529564822993,0.7703086581843357,0.7591141295266287,0.015571571366024013,95,0.841402389534745,0.8080360339929819,0.8329309994986991,0.7844495237640545,0.8096249791124587,0.8152887851805879,0.020144027413085012
0.2298912525177002,0.016403751574237832,0.0028247833251953125,0.0012132199685852103,,entropy,36,"{'DT__class_weight': None, 'DT__criterion': 'entropy', 'DT__max_depth': 36}",0.7482335107779714,0.7823518178128955,0.7345432193072499,0.76529564822993,0.7703086581843357,0.7601465708624765,0.01685411890334088,92,0.841402389534745,0.8058473180396744,0.8329309994986991,0.7844495237640545,0.8096249791124587,0.8148510419899264,0.020319891774192002
0.22838854789733887,0.008733219573026604,0.0019011497497558594,0.0017453543882700424,,entropy,37,"{'DT__class_weight': None, 'DT__criterion': 'entropy', 'DT__max_depth': 37}",0.7482335107779714,0.7784607672292377,0.7345432193072499,0.76529564822993,0.7703086581843357,0.759368360745745,0.015872084686908913,94,0.841402389534745,0.8299381131985392,0.8329309994986991,0.7844495237640545,0.8096249791124587,0.8196692010216994,0.020469339994140093
0.22474403381347657,0.008882660369396193,0.0022098064422607423,0.00039640584877541536,,entropy,38,"{'DT__class_weight': None, 'DT__criterion': 'entropy', 'DT__max_depth': 38}",0.7482335107779714,0.7713530352581699,0.7345432193072499,0.76529564822993,0.7703086581843357,0.7579468143515314,0.014343108649280912,113,0.841402389534745,0.828161180205772,0.8329309994986991,0.7844495237640545,0.8096249791124587,0.819313814423146,0.02030271437012023
0.2140265464782715,0.009214214307953274,0.0028000354766845705,0.001165167011457973,,entropy,39,"{'DT__class_weight': None, 'DT__criterion': 'entropy', 'DT__max_depth': 39}",0.7482335107779714,0.7734477572748323,0.7345432193072499,0.76529564822993,0.7703086581843357,0.7583657587548638,0.01475329610001648,100,0.841402389534745,0.828161180205772,0.8329309994986991,0.7844495237640545,0.8096249791124587,0.819313814423146,0.02030271437012023
0.24081459045410156,0.01853001283234657,0.0014005184173583984,0.0012002628496673119,,entropy,40,"{'DT__class_weight': None, 'DT__criterion': 'entropy', 'DT__max_depth': 40}",0.7482335107779714,0.7734477572748323,0.7345432193072499,0.76529564822993,0.7703086581843357,0.7583657587548638,0.01475329610001648,100,0.841402389534745,0.828161180205772,0.8329309994986991,0.7844495237640545,0.8096249791124587,0.819313814423146,0.02030271437012023
0.21845946311950684,0.01643105458992152,0.0030089855194091798,0.002702772122862696,,entropy,41,"{'DT__class_weight': None, 'DT__criterion': 'entropy', 'DT__max_depth': 41}",0.7482335107779714,0.7734477572748323,0.7345432193072499,0.76529564822993,0.7703086581843357,0.7583657587548638,0.01475329610001648,100,0.841402389534745,0.828161180205772,0.8329309994986991,0.7844495237640545,0.8096249791124587,0.819313814423146,0.02030271437012023
0.23566246032714844,0.01239306909552358,0.0022121429443359374,0.0003959120834192736,,entropy,42,"{'DT__class_weight': None, 'DT__criterion': 'entropy', 'DT__max_depth': 42}",0.7482335107779714,0.7734477572748323,0.7345432193072499,0.76529564822993,0.7703086581843357,0.7583657587548638,0.01475329610001648,100,0.841402389534745,0.828161180205772,0.8329309994986991,0.7844495237640545,0.8096249791124587,0.819313814423146,0.02030271437012023
0.22591710090637207,0.015116201455322302,0.004220247268676758,0.0032736999104966994,,entropy,43,"{'DT__class_weight': None, 'DT__criterion': 'entropy', 'DT__max_depth': 43}",0.7482335107779714,0.7734477572748323,0.7345432193072499,0.76529564822993,0.7703086581843357,0.7583657587548638,0.01475329610001648,100,0.841402389534745,0.828161180205772,0.8329309994986991,0.7844495237640545,0.8096249791124587,0.819313814423146,0.02030271437012023
0.22811603546142578,0.01373497707819619,0.002214193344116211,0.00039493172244888484,,entropy,44,"{'DT__class_weight': None, 'DT__criterion': 'entropy', 'DT__max_depth': 44}",0.7482335107779714,0.7734477572748323,0.7345432193072499,0.76529564822993,0.7703086581843357,0.7583657587548638,0.01475329610001648,100,0.841402389534745,0.828161180205772,0.8329309994986991,0.7844495237640545,0.8096249791124587,0.819313814423146,0.02030271437012023
0.2172776222229004,0.004324108958022449,0.0022001743316650392,0.0007485083668411393,,entropy,45,"{'DT__class_weight': None, 'DT__criterion': 'entropy', 'DT__max_depth': 45}",0.7482335107779714,0.7734477572748323,0.7345432193072499,0.76529564822993,0.7703086581843357,0.7583657587548638,0.01475329610001648,100,0.841402389534745,0.828161180205772,0.8329309994986991,0.7844495237640545,0.8096249791124587,0.819313814423146,0.02030271437012023
0.22747182846069336,0.010157052507090987,0.002200794219970703,0.00040092819876539997,,entropy,46,"{'DT__class_weight': None, 'DT__criterion': 'entropy', 'DT__max_depth': 46}",0.7482335107779714,0.7734477572748323,0.7345432193072499,0.76529564822993,0.7703086581843357,0.7583657587548638,0.01475329610001648,100,0.841402389534745,0.828161180205772,0.8329309994986991,0.7844495237640545,0.8096249791124587,0.819313814423146,0.02030271437012023
0.2302011489868164,0.016772244044355237,0.0019228935241699218,0.003180496400970257,,entropy,47,"{'DT__class_weight': None, 'DT__criterion': 'entropy', 'DT__max_depth': 47}",0.7482335107779714,0.7734477572748323,0.7345432193072499,0.76529564822993,0.7703086581843357,0.7583657587548638,0.01475329610001648,100,0.841402389534745,0.828161180205772,0.8329309994986991,0.7844495237640545,0.8096249791124587,0.819313814423146,0.02030271437012023
0.22145366668701172,0.020181781983749963,0.002000236511230469,0.0006337670384364312,,entropy,48,"{'DT__class_weight': None, 'DT__criterion': 'entropy', 'DT__max_depth': 48}",0.7482335107779714,0.7734477572748323,0.7345432193072499,0.76529564822993,0.7703086581843357,0.7583657587548638,0.01475329610001648,100,0.841402389534745,0.828161180205772,0.8329309994986991,0.7844495237640545,0.8096249791124587,0.819313814423146,0.02030271437012023
0.2008887767791748,0.02388469966847391,0.0021658420562744142,0.0007149584374855455,,entropy,49,"{'DT__class_weight': None, 'DT__criterion': 'entropy', 'DT__max_depth': 49}",0.7482335107779714,0.7734477572748323,0.7345432193072499,0.76529564822993,0.7703086581843357,0.7583657587548638,0.01475329610001648,100,0.841402389534745,0.828161180205772,0.8329309994986991,0.7844495237640545,0.8096249791124587,0.819313814423146,0.02030271437012023
0.17441434860229493,0.03466193253126237,0.0010010719299316407,0.0006332391249125088,,entropy,50,"{'DT__class_weight': None, 'DT__criterion': 'entropy', 'DT__max_depth': 50}",0.7482335107779714,0.7734477572748323,0.7345432193072499,0.76529564822993,0.7703086581843357,0.7583657587548638,0.01475329610001648,100,0.841402389534745,0.828161180205772,0.8329309994986991,0.7844495237640545,0.8096249791124587,0.819313814423146,0.02030271437012023
