mean_fit_time,std_fit_time,mean_score_time,std_score_time,param_SVM__C,param_SVM__class_weight,param_SVM__max_iter,param_SVM__tol,params,split0_test_score,split1_test_score,split2_test_score,split3_test_score,split4_test_score,mean_test_score,std_test_score,rank_test_score,split0_train_score,split1_train_score,split2_train_score,split3_train_score,split4_train_score,mean_train_score,std_train_score
0.04628653526306152,0.011744855078293846,0.004211950302124024,0.001958998955822962,0.001,balanced,-1,1e-08,"{'SVM__C': 0.001, 'SVM__class_weight': 'balanced', 'SVM__max_iter': -1, 'SVM__tol': 1e-08}",0.5,0.5,0.5000000000000001,0.5,0.5,0.5,4.965068306494546e-17,101,0.5,0.5,0.5,0.5,0.5,0.5,0.0
0.036001157760620114,0.005550609919552959,0.007601547241210938,0.0048407794059018945,0.001,balanced,-1,0.01000001,"{'SVM__C': 0.001, 'SVM__class_weight': 'balanced', 'SVM__max_iter': -1, 'SVM__tol': 0.01000001}",0.5,0.5,0.5000000000000001,0.5,0.5,0.5,4.965068306494546e-17,101,0.5,0.5,0.5,0.5,0.5,0.5,0.0
0.03483433723449707,0.003896282379832641,0.0031991004943847656,0.0009803991486915743,0.001,balanced,-1,0.020000010000000002,"{'SVM__C': 0.001, 'SVM__class_weight': 'balanced', 'SVM__max_iter': -1, 'SVM__tol': 0.020000010000000002}",0.5,0.5,0.5000000000000001,0.5,0.5,0.5,4.965068306494546e-17,101,0.5,0.5,0.5,0.5,0.5,0.5,0.0
0.03480687141418457,0.001939293513402073,0.004598093032836914,0.0020535562161444615,0.001,balanced,-1,0.03000001,"{'SVM__C': 0.001, 'SVM__class_weight': 'balanced', 'SVM__max_iter': -1, 'SVM__tol': 0.03000001}",0.5,0.5,0.5000000000000001,0.5,0.5,0.5,4.965068306494546e-17,101,0.5,0.5,0.5,0.5,0.5,0.5,0.0
0.035400676727294925,0.002576296436145767,0.0037987232208251953,0.0017222218037464341,0.001,balanced,-1,0.04000001,"{'SVM__C': 0.001, 'SVM__class_weight': 'balanced', 'SVM__max_iter': -1, 'SVM__tol': 0.04000001}",0.5,0.5,0.5000000000000001,0.5,0.5,0.5,4.965068306494546e-17,101,0.5,0.5,0.5,0.5,0.5,0.5,0.0
0.03380155563354492,0.0016004466083924763,0.002598476409912109,0.0004935505165465228,0.001,balanced,-1,0.050000010000000004,"{'SVM__C': 0.001, 'SVM__class_weight': 'balanced', 'SVM__max_iter': -1, 'SVM__tol': 0.050000010000000004}",0.5,0.5,0.5000000000000001,0.5,0.5,0.5,4.965068306494546e-17,101,0.5,0.5,0.5,0.5,0.5,0.5,0.0
0.03280167579650879,0.003919450121183919,0.0031983375549316405,0.0013261946004943506,0.001,balanced,-1,0.06000001,"{'SVM__C': 0.001, 'SVM__class_weight': 'balanced', 'SVM__max_iter': -1, 'SVM__tol': 0.06000001}",0.5,0.5,0.5000000000000001,0.5,0.5,0.5,4.965068306494546e-17,101,0.5,0.5,0.5,0.5,0.5,0.5,0.0
0.035401773452758786,0.0020606816145213288,0.004799795150756836,0.001721105833412008,0.001,balanced,-1,0.07000001,"{'SVM__C': 0.001, 'SVM__class_weight': 'balanced', 'SVM__max_iter': -1, 'SVM__tol': 0.07000001}",0.5,0.5,0.5000000000000001,0.5,0.5,0.5,4.965068306494546e-17,101,0.5,0.5,0.5,0.5,0.5,0.5,0.0
0.03158779144287109,0.001621918121169132,0.0016082286834716796,0.001359231772684226,0.001,balanced,-1,0.08000001,"{'SVM__C': 0.001, 'SVM__class_weight': 'balanced', 'SVM__max_iter': -1, 'SVM__tol': 0.08000001}",0.5,0.5,0.5000000000000001,0.5,0.5,0.5,4.965068306494546e-17,101,0.5,0.5,0.5,0.5,0.5,0.5,0.0
0.034402894973754886,0.0014985559891496658,0.0039998054504394535,0.0015489579714984163,0.001,balanced,-1,0.09000000999999999,"{'SVM__C': 0.001, 'SVM__class_weight': 'balanced', 'SVM__max_iter': -1, 'SVM__tol': 0.09000000999999999}",0.5,0.5,0.5000000000000001,0.5,0.5,0.5,4.965068306494546e-17,101,0.5,0.5,0.5,0.5,0.5,0.5,0.0
0.16608805656433107,0.01198887703434609,0.0029983997344970705,3.4032947311507186e-06,0.001,balanced,296,1e-08,"{'SVM__C': 0.001, 'SVM__class_weight': 'balanced', 'SVM__max_iter': 296, 'SVM__tol': 1e-08}",0.7718662719915971,0.8209460265928242,0.8020159461459503,0.8106932276622664,0.7901219832422238,0.7991286911269724,0.01698488244106711,95,0.8305050607529064,0.8135578047790696,0.8199732639469098,0.8228915518846529,0.8291951135088684,0.8232245589744813,0.0062093667526800025
0.0970386028289795,0.017680597825809077,0.0036046504974365234,0.000499037777387073,0.001,balanced,296,0.01000001,"{'SVM__C': 0.001, 'SVM__class_weight': 'balanced', 'SVM__max_iter': 296, 'SVM__tol': 0.01000001}",0.7718662719915971,0.8199732639469098,0.8020159461459503,0.8116659903081808,0.7901219832422238,0.7991286911269724,0.016878249982646226,95,0.8307482514143849,0.8135578047790696,0.8199732639469098,0.8228915518846529,0.8289519228473897,0.8232245589744813,0.006221520627879589
0.0662773609161377,0.027051140516224488,0.0028154850006103516,0.0004098931153060524,0.001,balanced,296,0.020000010000000002,"{'SVM__C': 0.001, 'SVM__class_weight': 'balanced', 'SVM__max_iter': 296, 'SVM__tol': 0.020000010000000002}",0.7718662719915971,0.8199732639469098,0.8020159461459503,0.8116659903081808,0.7901219832422238,0.7991286911269724,0.016878249982646226,95,0.831515122580029,0.8135578047790696,0.8199732639469098,0.8228915518846529,0.8289519228473897,0.8233779332076102,0.006411653036559083
0.06628894805908203,0.01276026569008859,0.00559844970703125,0.0035549195613032267,0.001,balanced,296,0.03000001,"{'SVM__C': 0.001, 'SVM__class_weight': 'balanced', 'SVM__max_iter': 296, 'SVM__tol': 0.03000001}",0.7718662719915971,0.8199732639469098,0.8020159461459503,0.8116659903081808,0.7901219832422238,0.7991286911269724,0.016878249982646226,95,0.831515122580029,0.8135578047790696,0.8199732639469098,0.8228915518846529,0.8289519228473897,0.8233779332076102,0.006411653036559083
0.07923965454101563,0.0053109790704552375,0.0034039974212646484,0.0004904234032504718,0.001,balanced,296,0.04000001,"{'SVM__C': 0.001, 'SVM__class_weight': 'balanced', 'SVM__max_iter': 296, 'SVM__tol': 0.04000001}",0.7718662719915971,0.8199732639469098,0.8020159461459503,0.8116659903081808,0.7901219832422238,0.7991286911269724,0.016878249982646226,95,0.831515122580029,0.8135578047790696,0.8199732639469098,0.8228915518846529,0.8289519228473897,0.8233779332076102,0.006411653036559083
0.0848778247833252,0.010883518211581145,0.0035997867584228516,0.0004930367689468149,0.001,balanced,296,0.050000010000000004,"{'SVM__C': 0.001, 'SVM__class_weight': 'balanced', 'SVM__max_iter': 296, 'SVM__tol': 0.050000010000000004}",0.7718662719915971,0.8199732639469098,0.8020159461459503,0.8116659903081808,0.7901219832422238,0.7991286911269724,0.016878249982646226,95,0.831515122580029,0.8135578047790696,0.8199732639469098,0.8228915518846529,0.8289519228473897,0.8233779332076102,0.006411653036559083
0.07803373336791992,0.006603935774401693,0.003338479995727539,0.0005529721747004824,0.001,balanced,296,0.06000001,"{'SVM__C': 0.001, 'SVM__class_weight': 'balanced', 'SVM__max_iter': 296, 'SVM__tol': 0.06000001}",0.7718662719915971,0.8251354706261487,0.8020159461459503,0.8116659903081808,0.7901219832422238,0.8001611324628202,0.018225823990682843,94,0.831515122580029,0.8138755938029648,0.8199732639469098,0.8228915518846529,0.8289519228473897,0.8234414910123892,0.006314836611368337
0.0658761978149414,0.004977149729808256,0.004443597793579101,0.0023258578799794758,0.001,balanced,296,0.07000001,"{'SVM__C': 0.001, 'SVM__class_weight': 'balanced', 'SVM__max_iter': 296, 'SVM__tol': 0.07000001}",0.7718662719915971,0.8251354706261487,0.8028395120670312,0.8136115156000097,0.7943114272755484,0.801552839512067,0.018093855464477948,91,0.831515122580029,0.8138755938029648,0.8182336301353512,0.8191317944188489,0.8270436967367694,0.8219599675347926,0.006393536466801888
0.0716374397277832,0.0066775997962690336,0.003499937057495117,0.0013224076464674358,0.001,balanced,296,0.08000001,"{'SVM__C': 0.001, 'SVM__class_weight': 'balanced', 'SVM__max_iter': 296, 'SVM__tol': 0.08000001}",0.7668532620371918,0.8251354706261487,0.8028395120670312,0.8136115156000097,0.7943114272755484,0.800550237521186,0.019772103377607264,92,0.8282790456183905,0.8138755938029648,0.8182336301353512,0.8191317944188489,0.8270436967367694,0.8213127521424649,0.005494030648429238
0.06339125633239746,0.0067516582426861114,0.005442142486572266,0.0021993041412958457,0.001,balanced,296,0.09000000999999999,"{'SVM__C': 0.001, 'SVM__class_weight': 'balanced', 'SVM__max_iter': 296, 'SVM__tol': 0.09000000999999999}",0.7668532620371918,0.8251354706261487,0.8028395120670312,0.8136115156000097,0.7943114272755484,0.800550237521186,0.019772103377607264,92,0.8282790456183905,0.8138755938029648,0.8182336301353512,0.8191317944188489,0.8270436967367694,0.8213127521424649,0.005494030648429238
0.041195106506347653,0.007149239558009445,0.0036049842834472655,0.0004943649705997625,0.251,balanced,-1,1e-08,"{'SVM__C': 0.251, 'SVM__class_weight': 'balanced', 'SVM__max_iter': -1, 'SVM__tol': 1e-08}",0.5,0.5,0.5000000000000001,0.5,0.5,0.5,4.965068306494546e-17,101,0.5,0.5,0.5,0.5,0.5,0.5,0.0
0.04071826934814453,0.0035321714936821834,0.003911209106445312,0.0027061393966983506,0.251,balanced,-1,0.01000001,"{'SVM__C': 0.251, 'SVM__class_weight': 'balanced', 'SVM__max_iter': -1, 'SVM__tol': 0.01000001}",0.5,0.5,0.5000000000000001,0.5,0.5,0.5,4.965068306494546e-17,101,0.5,0.5,0.5,0.5,0.5,0.5,0.0
0.0374946117401123,0.00249767062863281,0.004938697814941407,0.002443354356516624,0.251,balanced,-1,0.020000010000000002,"{'SVM__C': 0.251, 'SVM__class_weight': 'balanced', 'SVM__max_iter': -1, 'SVM__tol': 0.020000010000000002}",0.5,0.5,0.5000000000000001,0.5,0.5,0.5,4.965068306494546e-17,101,0.5,0.5,0.5,0.5,0.5,0.5,0.0
0.035880517959594724,0.003055843451092414,0.0031977176666259767,0.0011646255211393381,0.251,balanced,-1,0.03000001,"{'SVM__C': 0.251, 'SVM__class_weight': 'balanced', 'SVM__max_iter': -1, 'SVM__tol': 0.03000001}",0.5,0.5,0.5000000000000001,0.5,0.5,0.5,4.965068306494546e-17,101,0.5,0.5,0.5,0.5,0.5,0.5,0.0
0.0377593994140625,0.009396964607596682,0.003600931167602539,0.0018573662085689968,0.251,balanced,-1,0.04000001,"{'SVM__C': 0.251, 'SVM__class_weight': 'balanced', 'SVM__max_iter': -1, 'SVM__tol': 0.04000001}",0.5,0.5,0.5000000000000001,0.5,0.5,0.5,4.965068306494546e-17,101,0.5,0.5,0.5,0.5,0.5,0.5,0.0
0.038620710372924805,0.0018918364649843965,0.0061855316162109375,0.002929919006003632,0.251,balanced,-1,0.050000010000000004,"{'SVM__C': 0.251, 'SVM__class_weight': 'balanced', 'SVM__max_iter': -1, 'SVM__tol': 0.050000010000000004}",0.5,0.5,0.5000000000000001,0.5,0.5,0.5,4.965068306494546e-17,101,0.5,0.5,0.5,0.5,0.5,0.5,0.0
0.03863668441772461,0.0047179689621132375,0.003599405288696289,0.0013563080136195283,0.251,balanced,-1,0.06000001,"{'SVM__C': 0.251, 'SVM__class_weight': 'balanced', 'SVM__max_iter': -1, 'SVM__tol': 0.06000001}",0.5,0.5,0.5000000000000001,0.5,0.5,0.5,4.965068306494546e-17,101,0.5,0.5,0.5,0.5,0.5,0.5,0.0
0.035401773452758786,0.0029617222090156615,0.0030017852783203124,0.0006325660635107986,0.251,balanced,-1,0.07000001,"{'SVM__C': 0.251, 'SVM__class_weight': 'balanced', 'SVM__max_iter': -1, 'SVM__tol': 0.07000001}",0.5,0.5,0.5000000000000001,0.5,0.5,0.5,4.965068306494546e-17,101,0.5,0.5,0.5,0.5,0.5,0.5,0.0
0.03706679344177246,0.0066634724603394134,0.0034472465515136717,0.0011008559006289817,0.251,balanced,-1,0.08000001,"{'SVM__C': 0.251, 'SVM__class_weight': 'balanced', 'SVM__max_iter': -1, 'SVM__tol': 0.08000001}",0.5,0.5,0.5000000000000001,0.5,0.5,0.5,4.965068306494546e-17,101,0.5,0.5,0.5,0.5,0.5,0.5,0.0
0.03791356086730957,0.006949841093385751,0.00404973030090332,0.0011419429271733229,0.251,balanced,-1,0.09000000999999999,"{'SVM__C': 0.251, 'SVM__class_weight': 'balanced', 'SVM__max_iter': -1, 'SVM__tol': 0.09000000999999999}",0.5,0.5,0.5000000000000001,0.5,0.5,0.5,4.965068306494546e-17,101,0.5,0.5,0.5,0.5,0.5,0.5,0.0
2.678751516342163,0.9949601394207367,0.0028037548065185545,0.0014704968229711077,0.251,balanced,296,1e-08,"{'SVM__C': 0.251, 'SVM__class_weight': 'balanced', 'SVM__max_iter': 296, 'SVM__tol': 1e-08}",0.7751605356759208,0.8132415077224224,0.80194433171803,0.8272301926428112,0.8105499988064262,0.805625313313122,0.017266627101586284,40,0.8339112219808551,0.8255308419469576,0.8315539137284857,0.8275882647824114,0.8293278985939702,0.829582428206536,0.002935371697364238
0.1521245002746582,0.020174685529704632,0.006259775161743164,0.004073446154673179,0.251,balanced,296,0.01000001,"{'SVM__C': 0.251, 'SVM__class_weight': 'balanced', 'SVM__max_iter': 296, 'SVM__tol': 0.01000001}",0.7751605356759208,0.8132415077224224,0.8029170943639447,0.8282029552887255,0.8095772361605119,0.805819865842305,0.017427690045317263,34,0.8339112219808551,0.8255308419469576,0.8315539137284857,0.8268213936167673,0.8295710892554488,0.8294776921057029,0.0030531673470764148
0.12770533561706543,0.018863518834648117,0.0032231807708740234,0.0026571089328598944,0.251,balanced,296,0.020000010000000002,"{'SVM__C': 0.251, 'SVM__class_weight': 'balanced', 'SVM__max_iter': 296, 'SVM__tol': 0.020000010000000002}",0.7690255663507676,0.8151870330142512,0.8040390537346925,0.8282029552887255,0.8095772361605119,0.8052063689097898,0.019788755494504096,61,0.8346407939652908,0.8260545224511232,0.8292905994127616,0.8268213936167673,0.8295710892554488,0.8292756797402783,0.003009030231926795
0.1205552101135254,0.0071536068121009376,0.0036136150360107423,0.003373610609726393,0.251,balanced,296,0.03000001,"{'SVM__C': 0.251, 'SVM__class_weight': 'balanced', 'SVM__max_iter': 296, 'SVM__tol': 0.03000001}",0.7690255663507676,0.8151870330142512,0.8040390537346925,0.8282029552887255,0.8105499988064262,0.8054009214389725,0.019835497808837893,54,0.8346407939652908,0.8260545224511232,0.8292905994127616,0.8268213936167673,0.8296083884366572,0.82928313957652,0.003009799486093923
0.1199805736541748,0.009275153206956266,0.0028014183044433594,0.0014705023012789756,0.251,balanced,296,0.04000001,"{'SVM__C': 0.251, 'SVM__class_weight': 'balanced', 'SVM__max_iter': 296, 'SVM__tol': 0.04000001}",0.7690255663507676,0.8151870330142512,0.8040390537346925,0.8282029552887255,0.8105499988064262,0.8054009214389725,0.019835497808837893,54,0.8346407939652908,0.8260545224511232,0.8292905994127616,0.8268213936167673,0.8296083884366572,0.82928313957652,0.003009799486093923
0.1266173839569092,0.0263917044846438,0.0036513805389404297,0.003483873504726055,0.251,balanced,296,0.050000010000000004,"{'SVM__C': 0.251, 'SVM__class_weight': 'balanced', 'SVM__max_iter': 296, 'SVM__tol': 0.050000010000000004}",0.7690255663507676,0.8151870330142512,0.8040390537346925,0.8272301926428112,0.8105499988064262,0.8052063689097898,0.019614433189845012,61,0.8346407939652908,0.8260545224511232,0.8292905994127616,0.8252876512854791,0.8296083884366572,0.8289763911102623,0.0033084052091056056
0.11064863204956055,0.01179278778240211,0.006614971160888672,0.004568619475560154,0.251,balanced,296,0.06000001,"{'SVM__C': 0.251, 'SVM__class_weight': 'balanced', 'SVM__max_iter': 296, 'SVM__tol': 0.06000001}",0.7690255663507676,0.8122687450765083,0.8040390537346925,0.8272301926428112,0.8105499988064262,0.8046227113222411,0.019350401375946184,90,0.8346407939652908,0.8251190589864172,0.8292905994127616,0.8252876512854791,0.8296083884366572,0.8287892984173212,0.003489825250977862
0.1016000747680664,0.010591147892811412,0.0013989448547363282,0.0017422845819686243,0.251,balanced,296,0.07000001,"{'SVM__C': 0.251, 'SVM__class_weight': 'balanced', 'SVM__max_iter': 296, 'SVM__tol': 0.07000001}",0.7691747630756011,0.8122687450765083,0.8071065383972691,0.8272301926428112,0.8105499988064262,0.8052660475997232,0.01931501905128227,58,0.8273271705139528,0.8251190589864172,0.8262977131126018,0.8252876512854791,0.8296083884366572,0.8267279964670216,0.0016434162747663173
0.08785924911499024,0.008557565312083175,0.003801298141479492,0.002561662229154363,0.251,balanced,296,0.08000001,"{'SVM__C': 0.251, 'SVM__class_weight': 'balanced', 'SVM__max_iter': 296, 'SVM__tol': 0.08000001}",0.7691747630756011,0.8122687450765083,0.8071065383972691,0.8272301926428112,0.8105499988064262,0.8052660475997232,0.01931501905128227,58,0.8273271705139528,0.8251190589864172,0.8262977131126018,0.8252876512854791,0.8296083884366572,0.8267279964670216,0.0016434162747663173
0.09794273376464843,0.014619458214418417,0.004888391494750977,0.0016803127982862713,0.251,balanced,296,0.09000000999999999,"{'SVM__C': 0.251, 'SVM__class_weight': 'balanced', 'SVM__max_iter': 296, 'SVM__tol': 0.09000000999999999}",0.7691747630756011,0.8122687450765083,0.8071065383972691,0.8272301926428112,0.8105499988064262,0.8052660475997232,0.01931501905128227,58,0.8273271705139528,0.8251190589864172,0.8262977131126018,0.8252876512854791,0.8296083884366572,0.8267279964670216,0.0016434162747663173
0.04292974472045898,0.005194564633761061,0.0019979953765869142,0.0016711568309323824,0.501,balanced,-1,1e-08,"{'SVM__C': 0.501, 'SVM__class_weight': 'balanced', 'SVM__max_iter': -1, 'SVM__tol': 1e-08}",0.5,0.5,0.5000000000000001,0.5,0.5,0.5,4.965068306494546e-17,101,0.5,0.5,0.5,0.5,0.5,0.5,0.0
0.042087221145629884,0.003992755717656137,0.0040377616882324215,0.0033530138394483678,0.501,balanced,-1,0.01000001,"{'SVM__C': 0.501, 'SVM__class_weight': 'balanced', 'SVM__max_iter': -1, 'SVM__tol': 0.01000001}",0.5,0.5,0.5000000000000001,0.5,0.5,0.5,4.965068306494546e-17,101,0.5,0.5,0.5,0.5,0.5,0.5,0.0
0.04519143104553223,0.004049722548621575,0.0050013065338134766,0.003034440670116599,0.501,balanced,-1,0.020000010000000002,"{'SVM__C': 0.501, 'SVM__class_weight': 'balanced', 'SVM__max_iter': -1, 'SVM__tol': 0.020000010000000002}",0.5,0.5,0.5000000000000001,0.5,0.5,0.5,4.965068306494546e-17,101,0.5,0.5,0.5,0.5,0.5,0.5,0.0
0.042554283142089845,0.005071176618586036,0.0034102916717529295,0.0007789331856356713,0.501,balanced,-1,0.03000001,"{'SVM__C': 0.501, 'SVM__class_weight': 'balanced', 'SVM__max_iter': -1, 'SVM__tol': 0.03000001}",0.5,0.5,0.5000000000000001,0.5,0.5,0.5,4.965068306494546e-17,101,0.5,0.5,0.5,0.5,0.5,0.5,0.0
0.04032931327819824,0.004934418266173304,0.004810762405395508,0.002698998156207167,0.501,balanced,-1,0.04000001,"{'SVM__C': 0.501, 'SVM__class_weight': 'balanced', 'SVM__max_iter': -1, 'SVM__tol': 0.04000001}",0.5,0.5,0.5000000000000001,0.5,0.5,0.5,4.965068306494546e-17,101,0.5,0.5,0.5,0.5,0.5,0.5,0.0
0.04001326560974121,0.002864835786914095,0.004211330413818359,0.0030082202092610844,0.501,balanced,-1,0.050000010000000004,"{'SVM__C': 0.501, 'SVM__class_weight': 'balanced', 'SVM__max_iter': -1, 'SVM__tol': 0.050000010000000004}",0.5,0.5,0.5000000000000001,0.5,0.5,0.5,4.965068306494546e-17,101,0.5,0.5,0.5,0.5,0.5,0.5,0.0
0.04687662124633789,0.012289557337776048,0.002597332000732422,0.0014957394961063104,0.501,balanced,-1,0.06000001,"{'SVM__C': 0.501, 'SVM__class_weight': 'balanced', 'SVM__max_iter': -1, 'SVM__tol': 0.06000001}",0.5,0.5,0.5000000000000001,0.5,0.5,0.5,4.965068306494546e-17,101,0.5,0.5,0.5,0.5,0.5,0.5,0.0
0.03807644844055176,0.0005120910824542232,0.0030001163482666015,0.0006318830878800656,0.501,balanced,-1,0.07000001,"{'SVM__C': 0.501, 'SVM__class_weight': 'balanced', 'SVM__max_iter': -1, 'SVM__tol': 0.07000001}",0.5,0.5,0.5000000000000001,0.5,0.5,0.5,4.965068306494546e-17,101,0.5,0.5,0.5,0.5,0.5,0.5,0.0
0.03970470428466797,0.003412000179181183,0.0031397342681884766,0.002499200722228587,0.501,balanced,-1,0.08000001,"{'SVM__C': 0.501, 'SVM__class_weight': 'balanced', 'SVM__max_iter': -1, 'SVM__tol': 0.08000001}",0.5,0.5,0.5000000000000001,0.5,0.5,0.5,4.965068306494546e-17,101,0.5,0.5,0.5,0.5,0.5,0.5,0.0
0.037274408340454104,0.003673323234011208,0.0020044803619384765,0.001676761885671488,0.501,balanced,-1,0.09000000999999999,"{'SVM__C': 0.501, 'SVM__class_weight': 'balanced', 'SVM__max_iter': -1, 'SVM__tol': 0.09000000999999999}",0.5,0.5,0.5000000000000001,0.5,0.5,0.5,4.965068306494546e-17,101,0.5,0.5,0.5,0.5,0.5,0.5,0.0
3.692439842224121,0.853604582630444,0.0036486148834228515,0.004515819424449676,0.501,balanced,296,1e-08,"{'SVM__C': 0.501, 'SVM__class_weight': 'balanced', 'SVM__max_iter': 296, 'SVM__tol': 1e-08}",0.7751605356759208,0.8132415077224224,0.80194433171803,0.8272301926428112,0.8105499988064262,0.805625313313122,0.017266627101586284,40,0.8339112219808551,0.8255308419469576,0.8317971043899645,0.8283551359480558,0.8295710892554488,0.8298330787042563,0.0028723107024252684
0.16104044914245605,0.022068107689307708,0.002593994140625,0.0013527908247825886,0.501,balanced,296,0.01000001,"{'SVM__C': 0.501, 'SVM__class_weight': 'balanced', 'SVM__max_iter': 296, 'SVM__tol': 0.01000001}",0.7751605356759208,0.8142142703683367,0.8029170943639447,0.8282029552887255,0.8095772361605119,0.8060144183714878,0.017514667609150585,26,0.8339112219808551,0.8255308419469576,0.8317971043899645,0.8268213936167673,0.8295710892554488,0.8295263302379986,0.0030875978696771524
0.12882823944091798,0.01626666015526454,0.0044977664947509766,0.0044289243412195855,0.501,balanced,296,0.020000010000000002,"{'SVM__C': 0.501, 'SVM__class_weight': 'balanced', 'SVM__max_iter': 296, 'SVM__tol': 0.020000010000000002}",0.7680528037048532,0.8151870330142512,0.8059845790265212,0.8282029552887255,0.8095772361605119,0.8054009214389725,0.020141325113127842,54,0.8341544126423337,0.8260545224511232,0.8292905994127616,0.8268213936167673,0.8295710892554488,0.8291784034756869,0.002836955600891541
0.12335686683654785,0.013619484996614082,0.002614879608154297,0.0014908941648576065,0.501,balanced,296,0.03000001,"{'SVM__C': 0.501, 'SVM__class_weight': 'balanced', 'SVM__max_iter': 296, 'SVM__tol': 0.03000001}",0.7680528037048532,0.8151870330142512,0.8059845790265212,0.8282029552887255,0.8105499988064262,0.8055954739681555,0.020185376024306263,48,0.8341544126423337,0.8260545224511232,0.8292905994127616,0.8268213936167673,0.8288415172710131,0.8290324890787998,0.00283176342741858
0.11801071166992187,0.008744085043524549,0.0021085739135742188,0.0011730505679419443,0.501,balanced,296,0.04000001,"{'SVM__C': 0.501, 'SVM__class_weight': 'balanced', 'SVM__max_iter': 296, 'SVM__tol': 0.04000001}",0.7680528037048532,0.8151870330142512,0.8059845790265212,0.8282029552887255,0.8105499988064262,0.8055954739681555,0.020185376024306263,48,0.8341544126423337,0.8260545224511232,0.8292905994127616,0.8268213936167673,0.8288415172710131,0.8290324890787998,0.00283176342741858
0.11864948272705078,0.02182690994014084,0.0010144710540771484,0.0012751569798561376,0.501,balanced,296,0.050000010000000004,"{'SVM__C': 0.501, 'SVM__class_weight': 'balanced', 'SVM__max_iter': 296, 'SVM__tol': 0.050000010000000004}",0.7680528037048532,0.8151870330142512,0.8059845790265212,0.8272301926428112,0.8105499988064262,0.8054009214389725,0.019970080687126475,54,0.8341544126423337,0.8260545224511232,0.8292905994127616,0.8252876512854791,0.8288415172710131,0.8287257406125421,0.003122781272924264
0.1145775318145752,0.018123338508637954,0.006065654754638672,0.002152078641657077,0.501,balanced,296,0.06000001,"{'SVM__C': 0.501, 'SVM__class_weight': 'balanced', 'SVM__max_iter': 296, 'SVM__tol': 0.06000001}",0.7680528037048532,0.8122687450765083,0.8059845790265212,0.8272301926428112,0.8105499988064262,0.804817263851424,0.019716573506097276,74,0.8341544126423337,0.8253622496478957,0.8292905994127616,0.8252876512854791,0.8288415172710131,0.8285872860518966,0.0032508654561263666
0.0930373191833496,0.01253280675298016,0.0049899578094482425,0.002664088241012998,0.501,balanced,296,0.07000001,"{'SVM__C': 0.501, 'SVM__class_weight': 'balanced', 'SVM__max_iter': 296, 'SVM__tol': 0.07000001}",0.7691747630756011,0.8122687450765083,0.8040390537346925,0.8272301926428112,0.8105499988064262,0.804652550667208,0.019295522899859065,75,0.8280940416795971,0.8253622496478957,0.8262977131126018,0.8252876512854791,0.8288415172710131,0.8267766345993174,0.0014454219974232444
0.09751825332641602,0.007709222119090915,0.0041926860809326175,0.001655048586837807,0.501,balanced,296,0.08000001,"{'SVM__C': 0.501, 'SVM__class_weight': 'balanced', 'SVM__max_iter': 296, 'SVM__tol': 0.08000001}",0.7691747630756011,0.8122687450765083,0.8040390537346925,0.8272301926428112,0.8105499988064262,0.804652550667208,0.019295522899859065,75,0.8280940416795971,0.8253622496478957,0.8262977131126018,0.8252876512854791,0.8288415172710131,0.8267766345993174,0.0014454219974232444
0.09793300628662109,0.01066500840859653,0.004440402984619141,0.0028527912395706983,0.501,balanced,296,0.09000000999999999,"{'SVM__C': 0.501, 'SVM__class_weight': 'balanced', 'SVM__max_iter': 296, 'SVM__tol': 0.09000000999999999}",0.7691747630756011,0.8122687450765083,0.8040390537346925,0.8272301926428112,0.8105499988064262,0.804652550667208,0.019295522899859065,75,0.8280940416795971,0.8253622496478957,0.8262977131126018,0.8252876512854791,0.8288415172710131,0.8267766345993174,0.0014454219974232444
0.04041709899902344,0.0028386201839166727,0.002420186996459961,0.0016160441832155175,0.751,balanced,-1,1e-08,"{'SVM__C': 0.751, 'SVM__class_weight': 'balanced', 'SVM__max_iter': -1, 'SVM__tol': 1e-08}",0.5,0.5,0.5000000000000001,0.5,0.5,0.5,4.965068306494546e-17,101,0.5,0.5,0.5,0.5,0.5,0.5,0.0
0.041242456436157225,0.005278736251963639,0.0020212173461914063,0.002135172067649216,0.751,balanced,-1,0.01000001,"{'SVM__C': 0.751, 'SVM__class_weight': 'balanced', 'SVM__max_iter': -1, 'SVM__tol': 0.01000001}",0.5,0.5,0.5000000000000001,0.5,0.5,0.5,4.965068306494546e-17,101,0.5,0.5,0.5,0.5,0.5,0.5,0.0
0.038264799118041995,0.0012849069848489345,0.0026020526885986326,0.002577800947357928,0.751,balanced,-1,0.020000010000000002,"{'SVM__C': 0.751, 'SVM__class_weight': 'balanced', 'SVM__max_iter': -1, 'SVM__tol': 0.020000010000000002}",0.5,0.5,0.5000000000000001,0.5,0.5,0.5,4.965068306494546e-17,101,0.5,0.5,0.5,0.5,0.5,0.5,0.0
0.03808712959289551,0.003185690260625691,0.001999187469482422,0.00126818280981136,0.751,balanced,-1,0.03000001,"{'SVM__C': 0.751, 'SVM__class_weight': 'balanced', 'SVM__max_iter': -1, 'SVM__tol': 0.03000001}",0.5,0.5,0.5000000000000001,0.5,0.5,0.5,4.965068306494546e-17,101,0.5,0.5,0.5,0.5,0.5,0.5,0.0
0.03694562911987305,0.0034306609686487236,0.0040534019470214845,0.004242956751525136,0.751,balanced,-1,0.04000001,"{'SVM__C': 0.751, 'SVM__class_weight': 'balanced', 'SVM__max_iter': -1, 'SVM__tol': 0.04000001}",0.5,0.5,0.5000000000000001,0.5,0.5,0.5,4.965068306494546e-17,101,0.5,0.5,0.5,0.5,0.5,0.5,0.0
0.0403900146484375,0.005197620410656365,0.004469919204711914,0.002940622343141751,0.751,balanced,-1,0.050000010000000004,"{'SVM__C': 0.751, 'SVM__class_weight': 'balanced', 'SVM__max_iter': -1, 'SVM__tol': 0.050000010000000004}",0.5,0.5,0.5000000000000001,0.5,0.5,0.5,4.965068306494546e-17,101,0.5,0.5,0.5,0.5,0.5,0.5,0.0
0.04020414352416992,0.0015435265109982963,0.00285191535949707,0.003754444330959925,0.751,balanced,-1,0.06000001,"{'SVM__C': 0.751, 'SVM__class_weight': 'balanced', 'SVM__max_iter': -1, 'SVM__tol': 0.06000001}",0.5,0.5,0.5000000000000001,0.5,0.5,0.5,4.965068306494546e-17,101,0.5,0.5,0.5,0.5,0.5,0.5,0.0
0.04570789337158203,0.008858923341233857,0.0034327030181884764,0.0026848872160958395,0.751,balanced,-1,0.07000001,"{'SVM__C': 0.751, 'SVM__class_weight': 'balanced', 'SVM__max_iter': -1, 'SVM__tol': 0.07000001}",0.5,0.5,0.5000000000000001,0.5,0.5,0.5,4.965068306494546e-17,101,0.5,0.5,0.5,0.5,0.5,0.5,0.0
0.04878392219543457,0.01076115587964768,0.003410005569458008,0.0010076891437282016,0.751,balanced,-1,0.08000001,"{'SVM__C': 0.751, 'SVM__class_weight': 'balanced', 'SVM__max_iter': -1, 'SVM__tol': 0.08000001}",0.5,0.5,0.5000000000000001,0.5,0.5,0.5,4.965068306494546e-17,101,0.5,0.5,0.5,0.5,0.5,0.5,0.0
0.047121429443359376,0.004103493954726094,0.004197263717651367,0.0014705049577020308,0.751,balanced,-1,0.09000000999999999,"{'SVM__C': 0.751, 'SVM__class_weight': 'balanced', 'SVM__max_iter': -1, 'SVM__tol': 0.09000000999999999}",0.5,0.5,0.5000000000000001,0.5,0.5,0.5,4.965068306494546e-17,101,0.5,0.5,0.5,0.5,0.5,0.5,0.0
4.149888277053833,0.4620155542988611,0.0036535263061523438,0.0020220371029556115,0.751,balanced,296,1e-08,"{'SVM__C': 0.751, 'SVM__class_weight': 'balanced', 'SVM__max_iter': 296, 'SVM__tol': 1e-08}",0.7751605356759208,0.8132415077224224,0.80194433171803,0.8272301926428112,0.8105499988064262,0.805625313313122,0.017266627101586284,40,0.8341544126423337,0.8255308419469576,0.8317971043899645,0.8283551359480558,0.8295710892554488,0.829881716836552,0.0029421655268417213
0.17123017311096192,0.032395640813261725,0.003637838363647461,0.0026829687881979865,0.751,balanced,296,0.01000001,"{'SVM__C': 0.751, 'SVM__class_weight': 'balanced', 'SVM__max_iter': 296, 'SVM__tol': 0.01000001}",0.7751605356759208,0.8142142703683367,0.8029170943639447,0.8282029552887255,0.8095772361605119,0.8060144183714878,0.017514667609150585,26,0.8339112219808551,0.8255308419469576,0.8317971043899645,0.8268213936167673,0.8295710892554488,0.8295263302379986,0.0030875978696771524
0.13258733749389648,0.018358269422415748,0.00870652198791504,0.011116645544602134,0.751,balanced,296,0.020000010000000002,"{'SVM__C': 0.751, 'SVM__class_weight': 'balanced', 'SVM__max_iter': 296, 'SVM__tol': 0.020000010000000002}",0.7690255663507676,0.8151870330142512,0.8059845790265212,0.8282029552887255,0.8095772361605119,0.8055954739681555,0.01978110306652221,48,0.8341544126423337,0.8260545224511232,0.8292905994127616,0.8268213936167673,0.8295710892554488,0.8291784034756869,0.002836955600891541
0.14193363189697267,0.01981448278118491,0.0026023387908935547,0.003558295334740263,0.751,balanced,296,0.03000001,"{'SVM__C': 0.751, 'SVM__class_weight': 'balanced', 'SVM__max_iter': 296, 'SVM__tol': 0.03000001}",0.7690255663507676,0.8151870330142512,0.8059845790265212,0.8282029552887255,0.8105499988064262,0.8057900264973382,0.019824045124168663,36,0.8341544126423337,0.8260545224511232,0.8292905994127616,0.8268213936167673,0.8288415172710131,0.8290324890787998,0.00283176342741858
0.13895573616027831,0.02701556699586735,0.004017448425292969,0.0025554932368810927,0.751,balanced,296,0.04000001,"{'SVM__C': 0.751, 'SVM__class_weight': 'balanced', 'SVM__max_iter': 296, 'SVM__tol': 0.04000001}",0.7690255663507676,0.8151870330142512,0.8059845790265212,0.8282029552887255,0.8105499988064262,0.8057900264973382,0.019824045124168663,36,0.8341544126423337,0.8260545224511232,0.8292905994127616,0.8268213936167673,0.8288415172710131,0.8290324890787998,0.00283176342741858
0.13211984634399415,0.01847931990220583,0.002819395065307617,0.002956895137581847,0.751,balanced,296,0.050000010000000004,"{'SVM__C': 0.751, 'SVM__class_weight': 'balanced', 'SVM__max_iter': 296, 'SVM__tol': 0.050000010000000004}",0.7690255663507676,0.8151870330142512,0.8059845790265212,0.8272301926428112,0.8105499988064262,0.8055954739681555,0.019606712724625764,48,0.8341544126423337,0.8260545224511232,0.8292905994127616,0.8252876512854791,0.8288415172710131,0.8287257406125421,0.003122781272924264
0.10928816795349121,0.01205194039800357,0.004749107360839844,0.0030623121716759506,0.751,balanced,296,0.06000001,"{'SVM__C': 0.751, 'SVM__class_weight': 'balanced', 'SVM__max_iter': 296, 'SVM__tol': 0.06000001}",0.7690255663507676,0.8122687450765083,0.8059845790265212,0.8272301926428112,0.8105499988064262,0.8050118163806068,0.019354313115082795,63,0.8341544126423337,0.8253622496478957,0.8292905994127616,0.8252876512854791,0.8288415172710131,0.8285872860518966,0.0032508654561263666
0.10660624504089355,0.006742677801963805,0.004639291763305664,0.002808773662486046,0.751,balanced,296,0.07000001,"{'SVM__C': 0.751, 'SVM__class_weight': 'balanced', 'SVM__max_iter': 296, 'SVM__tol': 0.07000001}",0.7691747630756011,0.8122687450765083,0.8050118163806068,0.8272301926428112,0.8105499988064262,0.8048471031963906,0.01929326027310309,65,0.8273271705139528,0.8253622496478957,0.8262977131126018,0.8252876512854791,0.8288415172710131,0.8266232603661885,0.0013338765950692678
0.09734339714050293,0.008829198861827734,0.004071331024169922,0.004986387119363769,0.751,balanced,296,0.08000001,"{'SVM__C': 0.751, 'SVM__class_weight': 'balanced', 'SVM__max_iter': 296, 'SVM__tol': 0.08000001}",0.7691747630756011,0.8122687450765083,0.8050118163806068,0.8272301926428112,0.8105499988064262,0.8048471031963906,0.01929326027310309,65,0.8273271705139528,0.8253622496478957,0.8262977131126018,0.8252876512854791,0.8288415172710131,0.8266232603661885,0.0013338765950692678
0.10944151878356934,0.011238982661062396,0.0026126384735107424,0.0016229188328358195,0.751,balanced,296,0.09000000999999999,"{'SVM__C': 0.751, 'SVM__class_weight': 'balanced', 'SVM__max_iter': 296, 'SVM__tol': 0.09000000999999999}",0.7691747630756011,0.8122687450765083,0.8050118163806068,0.8272301926428112,0.8105499988064262,0.8048471031963906,0.01929326027310309,65,0.8273271705139528,0.8253622496478957,0.8262977131126018,0.8252876512854791,0.8288415172710131,0.8266232603661885,0.0013338765950692678
0.04363565444946289,0.006646267885819845,0.002876424789428711,0.0006718481338225443,1.001,balanced,-1,1e-08,"{'SVM__C': 1.001, 'SVM__class_weight': 'balanced', 'SVM__max_iter': -1, 'SVM__tol': 1e-08}",0.5,0.5,0.5000000000000001,0.5,0.5,0.5,4.965068306494546e-17,101,0.5,0.5,0.5,0.5,0.5,0.5,0.0
0.0414008617401123,0.00570588991802529,0.002599620819091797,0.001356525222887832,1.001,balanced,-1,0.01000001,"{'SVM__C': 1.001, 'SVM__class_weight': 'balanced', 'SVM__max_iter': -1, 'SVM__tol': 0.01000001}",0.5,0.5,0.5000000000000001,0.5,0.5,0.5,4.965068306494546e-17,101,0.5,0.5,0.5,0.5,0.5,0.5,0.0
0.04191570281982422,0.006627336988997512,0.0022307872772216798,0.0013228117036899743,1.001,balanced,-1,0.020000010000000002,"{'SVM__C': 1.001, 'SVM__class_weight': 'balanced', 'SVM__max_iter': -1, 'SVM__tol': 0.020000010000000002}",0.5,0.5,0.5000000000000001,0.5,0.5,0.5,4.965068306494546e-17,101,0.5,0.5,0.5,0.5,0.5,0.5,0.0
0.051851844787597655,0.016611151559246674,0.002397918701171875,0.0011989711557748358,1.001,balanced,-1,0.03000001,"{'SVM__C': 1.001, 'SVM__class_weight': 'balanced', 'SVM__max_iter': -1, 'SVM__tol': 0.03000001}",0.5,0.5,0.5000000000000001,0.5,0.5,0.5,4.965068306494546e-17,101,0.5,0.5,0.5,0.5,0.5,0.5,0.0
0.04281778335571289,0.004518669016587215,0.0031999588012695313,0.00040243111468512546,1.001,balanced,-1,0.04000001,"{'SVM__C': 1.001, 'SVM__class_weight': 'balanced', 'SVM__max_iter': -1, 'SVM__tol': 0.04000001}",0.5,0.5,0.5000000000000001,0.5,0.5,0.5,4.965068306494546e-17,101,0.5,0.5,0.5,0.5,0.5,0.5,0.0
0.04210948944091797,0.006996391764855314,0.004326963424682617,0.003020909043935476,1.001,balanced,-1,0.050000010000000004,"{'SVM__C': 1.001, 'SVM__class_weight': 'balanced', 'SVM__max_iter': -1, 'SVM__tol': 0.050000010000000004}",0.5,0.5,0.5000000000000001,0.5,0.5,0.5,4.965068306494546e-17,101,0.5,0.5,0.5,0.5,0.5,0.5,0.0
0.042441606521606445,0.006002002825914754,0.003041505813598633,0.0027039563773975026,1.001,balanced,-1,0.06000001,"{'SVM__C': 1.001, 'SVM__class_weight': 'balanced', 'SVM__max_iter': -1, 'SVM__tol': 0.06000001}",0.5,0.5,0.5000000000000001,0.5,0.5,0.5,4.965068306494546e-17,101,0.5,0.5,0.5,0.5,0.5,0.5,0.0
0.042922592163085936,0.005413159073044909,0.003391599655151367,0.0004889592384819588,1.001,balanced,-1,0.07000001,"{'SVM__C': 1.001, 'SVM__class_weight': 'balanced', 'SVM__max_iter': -1, 'SVM__tol': 0.07000001}",0.5,0.5,0.5000000000000001,0.5,0.5,0.5,4.965068306494546e-17,101,0.5,0.5,0.5,0.5,0.5,0.5,0.0
0.04134998321533203,0.0011772344289352906,0.004196643829345703,0.002402427596606086,1.001,balanced,-1,0.08000001,"{'SVM__C': 1.001, 'SVM__class_weight': 'balanced', 'SVM__max_iter': -1, 'SVM__tol': 0.08000001}",0.5,0.5,0.5000000000000001,0.5,0.5,0.5,4.965068306494546e-17,101,0.5,0.5,0.5,0.5,0.5,0.5,0.0
0.04623532295227051,0.009263009263059521,0.0032225608825683593,0.0007259758680977388,1.001,balanced,-1,0.09000000999999999,"{'SVM__C': 1.001, 'SVM__class_weight': 'balanced', 'SVM__max_iter': -1, 'SVM__tol': 0.09000000999999999}",0.5,0.5,0.5000000000000001,0.5,0.5,0.5,4.965068306494546e-17,101,0.5,0.5,0.5,0.5,0.5,0.5,0.0
3.7941660404205324,0.5468423368676514,0.0036353111267089845,0.0026791779349936602,1.001,balanced,296,1e-08,"{'SVM__C': 1.001, 'SVM__class_weight': 'balanced', 'SVM__max_iter': 296, 'SVM__tol': 1e-08}",0.7751605356759208,0.8132415077224224,0.8029170943639447,0.8282029552887255,0.8105499988064262,0.806014418371488,0.01747391755900959,21,0.8341544126423337,0.8255308419469576,0.8317971043899645,0.8283551359480558,0.8288042180898044,0.8297283426034232,0.002974175035697812
0.16524429321289064,0.02662643052331199,0.0032300949096679688,0.0027008669980609135,1.001,balanced,296,0.01000001,"{'SVM__C': 1.001, 'SVM__class_weight': 'balanced', 'SVM__max_iter': 296, 'SVM__tol': 0.01000001}",0.7751605356759208,0.8142142703683367,0.8029170943639447,0.8282029552887255,0.8095772361605119,0.8060144183714878,0.017514667609150585,26,0.8341544126423337,0.8255308419469576,0.8320402950514431,0.8268213936167673,0.8295710892554488,0.8296236065025901,0.003192944241437851
0.1551382064819336,0.02105239288040303,0.0038663864135742186,0.0027209204080713726,1.001,balanced,296,0.020000010000000002,"{'SVM__C': 1.001, 'SVM__class_weight': 'balanced', 'SVM__max_iter': 296, 'SVM__tol': 0.020000010000000002}",0.7690255663507676,0.8151870330142512,0.8059845790265212,0.8282029552887255,0.8095772361605119,0.8055954739681555,0.01978110306652221,48,0.8341544126423337,0.8260545224511232,0.8292905994127616,0.8268213936167673,0.8295710892554488,0.8291784034756869,0.002836955600891541
0.1262972831726074,0.013354506550461394,0.002233600616455078,0.0013222155007999899,1.001,balanced,296,0.03000001,"{'SVM__C': 1.001, 'SVM__class_weight': 'balanced', 'SVM__max_iter': 296, 'SVM__tol': 0.03000001}",0.7690255663507676,0.8151870330142512,0.8059845790265212,0.8282029552887255,0.8105499988064262,0.8057900264973382,0.019824045124168663,36,0.8341544126423337,0.8260545224511232,0.8292905994127616,0.8268213936167673,0.8290847079324916,0.8290811272110954,0.0028301536630392565
0.12263436317443847,0.00591704389757616,0.003480672836303711,0.0026826128295401237,1.001,balanced,296,0.04000001,"{'SVM__C': 1.001, 'SVM__class_weight': 'balanced', 'SVM__max_iter': 296, 'SVM__tol': 0.04000001}",0.7690255663507676,0.8151870330142512,0.8059845790265212,0.8282029552887255,0.8105499988064262,0.8057900264973382,0.019824045124168663,36,0.8341544126423337,0.8260545224511232,0.8292905994127616,0.8268213936167673,0.8290847079324916,0.8290811272110954,0.0028301536630392565
0.11639666557312012,0.019328199314686826,0.0028869152069091798,0.0015168785894777578,1.001,balanced,296,0.050000010000000004,"{'SVM__C': 1.001, 'SVM__class_weight': 'balanced', 'SVM__max_iter': 296, 'SVM__tol': 0.050000010000000004}",0.7690255663507676,0.8151870330142512,0.8059845790265212,0.8272301926428112,0.8105499988064262,0.8055954739681555,0.019606712724625764,48,0.8341544126423337,0.8260545224511232,0.8292905994127616,0.8252876512854791,0.8290847079324916,0.8287743787448377,0.003126097866517021
0.10870637893676757,0.007704769065212724,0.005879783630371093,0.003774184043803099,1.001,balanced,296,0.06000001,"{'SVM__C': 1.001, 'SVM__class_weight': 'balanced', 'SVM__max_iter': 296, 'SVM__tol': 0.06000001}",0.7690255663507676,0.8122687450765083,0.8059845790265212,0.8272301926428112,0.8105499988064262,0.8050118163806068,0.019354313115082795,63,0.8341544126423337,0.8253622496478957,0.8292905994127616,0.8252876512854791,0.8290847079324916,0.8286359241841923,0.003256120321613854
0.09951863288879395,0.011439251282922823,0.0060215950012207035,0.0021159351352157767,1.001,balanced,296,0.07000001,"{'SVM__C': 1.001, 'SVM__class_weight': 'balanced', 'SVM__max_iter': 296, 'SVM__tol': 0.07000001}",0.7691747630756011,0.8122687450765083,0.8050118163806068,0.8272301926428112,0.8105499988064262,0.8048471031963906,0.01929326027310309,65,0.8280940416795971,0.8253622496478957,0.8262977131126018,0.8252876512854791,0.8290847079324916,0.8268252727316131,0.0015164338084499155
0.09846010208129882,0.0074679404060612,0.003799629211425781,0.0004025736333590015,1.001,balanced,296,0.08000001,"{'SVM__C': 1.001, 'SVM__class_weight': 'balanced', 'SVM__max_iter': 296, 'SVM__tol': 0.08000001}",0.7691747630756011,0.8122687450765083,0.8050118163806068,0.8272301926428112,0.8105499988064262,0.8048471031963906,0.01929326027310309,65,0.8280940416795971,0.8253622496478957,0.8262977131126018,0.8252876512854791,0.8290847079324916,0.8268252727316131,0.0015164338084499155
0.09720125198364257,0.010957841388580875,0.004230642318725586,0.0032941660623348394,1.001,balanced,296,0.09000000999999999,"{'SVM__C': 1.001, 'SVM__class_weight': 'balanced', 'SVM__max_iter': 296, 'SVM__tol': 0.09000000999999999}",0.7691747630756011,0.8122687450765083,0.8050118163806068,0.8272301926428112,0.8105499988064262,0.8048471031963906,0.01929326027310309,65,0.8280940416795971,0.8253622496478957,0.8262977131126018,0.8252876512854791,0.8290847079324916,0.8268252727316131,0.0015164338084499155
0.03908076286315918,0.0029797696120725577,0.004627752304077149,0.0027759106204447944,1.251,balanced,-1,1e-08,"{'SVM__C': 1.251, 'SVM__class_weight': 'balanced', 'SVM__max_iter': -1, 'SVM__tol': 1e-08}",0.5,0.5,0.5000000000000001,0.5,0.5,0.5,4.965068306494546e-17,101,0.5,0.5,0.5,0.5,0.5,0.5,0.0
0.04739046096801758,0.005299101555508154,0.004797649383544922,0.0027839474013905993,1.251,balanced,-1,0.01000001,"{'SVM__C': 1.251, 'SVM__class_weight': 'balanced', 'SVM__max_iter': -1, 'SVM__tol': 0.01000001}",0.5,0.5,0.5000000000000001,0.5,0.5,0.5,4.965068306494546e-17,101,0.5,0.5,0.5,0.5,0.5,0.5,0.0
0.040627241134643555,0.002850513344122949,0.004594993591308594,0.0027326122938574155,1.251,balanced,-1,0.020000010000000002,"{'SVM__C': 1.251, 'SVM__class_weight': 'balanced', 'SVM__max_iter': -1, 'SVM__tol': 0.020000010000000002}",0.5,0.5,0.5000000000000001,0.5,0.5,0.5,4.965068306494546e-17,101,0.5,0.5,0.5,0.5,0.5,0.5,0.0
0.04180364608764649,0.0038152203481384254,0.003601837158203125,0.0011956476084094502,1.251,balanced,-1,0.03000001,"{'SVM__C': 1.251, 'SVM__class_weight': 'balanced', 'SVM__max_iter': -1, 'SVM__tol': 0.03000001}",0.5,0.5,0.5000000000000001,0.5,0.5,0.5,4.965068306494546e-17,101,0.5,0.5,0.5,0.5,0.5,0.5,0.0
0.041208648681640626,0.0027910484769882353,0.0031919479370117188,0.0007580892800640837,1.251,balanced,-1,0.04000001,"{'SVM__C': 1.251, 'SVM__class_weight': 'balanced', 'SVM__max_iter': -1, 'SVM__tol': 0.04000001}",0.5,0.5,0.5000000000000001,0.5,0.5,0.5,4.965068306494546e-17,101,0.5,0.5,0.5,0.5,0.5,0.5,0.0
0.04440526962280274,0.010873475772679374,0.00319976806640625,0.0004020020733992349,1.251,balanced,-1,0.050000010000000004,"{'SVM__C': 1.251, 'SVM__class_weight': 'balanced', 'SVM__max_iter': -1, 'SVM__tol': 0.050000010000000004}",0.5,0.5,0.5000000000000001,0.5,0.5,0.5,4.965068306494546e-17,101,0.5,0.5,0.5,0.5,0.5,0.5,0.0
0.038404321670532225,0.0014972728878010618,0.003398752212524414,0.0004928349197173097,1.251,balanced,-1,0.06000001,"{'SVM__C': 1.251, 'SVM__class_weight': 'balanced', 'SVM__max_iter': -1, 'SVM__tol': 0.06000001}",0.5,0.5,0.5000000000000001,0.5,0.5,0.5,4.965068306494546e-17,101,0.5,0.5,0.5,0.5,0.5,0.5,0.0
0.04064035415649414,0.003324776152165374,0.005470991134643555,0.003120515284664531,1.251,balanced,-1,0.07000001,"{'SVM__C': 1.251, 'SVM__class_weight': 'balanced', 'SVM__max_iter': -1, 'SVM__tol': 0.07000001}",0.5,0.5,0.5000000000000001,0.5,0.5,0.5,4.965068306494546e-17,101,0.5,0.5,0.5,0.5,0.5,0.5,0.0
0.04400653839111328,0.0030103813798730223,0.0033980846405029298,0.0004888234118094495,1.251,balanced,-1,0.08000001,"{'SVM__C': 1.251, 'SVM__class_weight': 'balanced', 'SVM__max_iter': -1, 'SVM__tol': 0.08000001}",0.5,0.5,0.5000000000000001,0.5,0.5,0.5,4.965068306494546e-17,101,0.5,0.5,0.5,0.5,0.5,0.5,0.0
0.04216299057006836,0.0013056335131795417,0.0037561893463134766,0.0004870504134197792,1.251,balanced,-1,0.09000000999999999,"{'SVM__C': 1.251, 'SVM__class_weight': 'balanced', 'SVM__max_iter': -1, 'SVM__tol': 0.09000000999999999}",0.5,0.5,0.5000000000000001,0.5,0.5,0.5,4.965068306494546e-17,101,0.5,0.5,0.5,0.5,0.5,0.5,0.0
4.063328456878662,0.41330977176518335,0.0014007568359375,0.0017450989641936243,1.251,balanced,296,1e-08,"{'SVM__C': 1.251, 'SVM__class_weight': 'balanced', 'SVM__max_iter': 296, 'SVM__tol': 1e-08}",0.7751605356759208,0.8132415077224224,0.80194433171803,0.8282029552887255,0.8105499988064262,0.805819865842305,0.017512692027333854,34,0.8333875414766896,0.8257740326084361,0.8317971043899645,0.8283551359480558,0.8280373469241603,0.8294702322694614,0.0027465664908450293
0.1611417293548584,0.020179960471709713,0.008427286148071289,0.002335348849924851,1.251,balanced,296,0.01000001,"{'SVM__C': 1.251, 'SVM__class_weight': 'balanced', 'SVM__max_iter': 296, 'SVM__tol': 0.01000001}",0.7751605356759208,0.8142142703683367,0.8029170943639447,0.8282029552887255,0.8095772361605119,0.8060144183714878,0.017514667609150585,26,0.8341544126423337,0.8255308419469576,0.8320402950514431,0.8268213936167673,0.8295710892554488,0.8296236065025901,0.003192944241437851
0.14323039054870607,0.011544476194237981,0.0034316539764404296,0.0037201114762425175,1.251,balanced,296,0.020000010000000002,"{'SVM__C': 1.251, 'SVM__class_weight': 'balanced', 'SVM__max_iter': 296, 'SVM__tol': 0.020000010000000002}",0.7720930510133441,0.8151870330142512,0.8059845790265212,0.8282029552887255,0.8095772361605119,0.8062089709006708,0.01865278800024076,11,0.8343976033038122,0.8262977131126017,0.8292905994127616,0.8268213936167673,0.8295710892554488,0.8292756797402783,0.0028710066520500448
0.125349760055542,0.011422882615820052,0.00203852653503418,0.0031454820114314337,1.251,balanced,296,0.03000001,"{'SVM__C': 1.251, 'SVM__class_weight': 'balanced', 'SVM__max_iter': 296, 'SVM__tol': 0.03000001}",0.7720930510133441,0.8151870330142512,0.8059845790265212,0.8282029552887255,0.8105499988064262,0.8064035234298538,0.018691937084713638,1,0.8343976033038122,0.8262977131126017,0.8292905994127616,0.8268213936167673,0.8290847079324916,0.8291784034756869,0.002867587350789155
0.12449769973754883,0.010375902146710685,0.005355978012084961,0.0030690634922762427,1.251,balanced,296,0.04000001,"{'SVM__C': 1.251, 'SVM__class_weight': 'balanced', 'SVM__max_iter': 296, 'SVM__tol': 0.04000001}",0.7720930510133441,0.8151870330142512,0.8059845790265212,0.8282029552887255,0.8105499988064262,0.8064035234298538,0.018691937084713638,1,0.8343976033038122,0.8262977131126017,0.8292905994127616,0.8268213936167673,0.8290847079324916,0.8291784034756869,0.002867587350789155
0.12194509506225586,0.01606841461356303,0.0038408279418945313,0.0027475228147128172,1.251,balanced,296,0.050000010000000004,"{'SVM__C': 1.251, 'SVM__class_weight': 'balanced', 'SVM__max_iter': 296, 'SVM__tol': 0.050000010000000004}",0.7720930510133441,0.8151870330142512,0.8059845790265212,0.8272301926428112,0.8105499988064262,0.8062089709006708,0.018467746086611468,11,0.8343976033038122,0.8262977131126017,0.8292905994127616,0.8252876512854791,0.8290847079324916,0.8288716550094293,0.003169456423263629
0.11317291259765624,0.013166318030656357,0.004829883575439453,0.00371533465693688,1.251,balanced,296,0.06000001,"{'SVM__C': 1.251, 'SVM__class_weight': 'balanced', 'SVM__max_iter': 296, 'SVM__tol': 0.06000001}",0.7720930510133441,0.8122687450765083,0.8059845790265212,0.8272301926428112,0.8105499988064262,0.805625313313122,0.01821922177507639,40,0.8343976033038122,0.8253622496478957,0.8292905994127616,0.8252876512854791,0.8290847079324916,0.8286845623164881,0.0033389519559104595
0.10500063896179199,0.014394258643721987,0.0042339801788330075,0.0020528745996756816,1.251,balanced,296,0.07000001,"{'SVM__C': 1.251, 'SVM__class_weight': 'balanced', 'SVM__max_iter': 296, 'SVM__tol': 0.07000001}",0.7691747630756011,0.8122687450765083,0.8050118163806068,0.8272301926428112,0.8105499988064262,0.8048471031963906,0.01929326027310309,65,0.8273271705139528,0.8253622496478957,0.8262977131126018,0.8252876512854791,0.8290847079324916,0.8266718984984841,0.001415794189891964
0.10034551620483398,0.007417425573468477,0.003001689910888672,0.0015516844705804787,1.251,balanced,296,0.08000001,"{'SVM__C': 1.251, 'SVM__class_weight': 'balanced', 'SVM__max_iter': 296, 'SVM__tol': 0.08000001}",0.7691747630756011,0.8122687450765083,0.8050118163806068,0.8272301926428112,0.8105499988064262,0.8048471031963906,0.01929326027310309,65,0.8273271705139528,0.8253622496478957,0.8262977131126018,0.8252876512854791,0.8290847079324916,0.8266718984984841,0.001415794189891964
0.10336823463439941,0.01049173087372955,0.005143356323242187,0.002356927655470801,1.251,balanced,296,0.09000000999999999,"{'SVM__C': 1.251, 'SVM__class_weight': 'balanced', 'SVM__max_iter': 296, 'SVM__tol': 0.09000000999999999}",0.7691747630756011,0.8122687450765083,0.8050118163806068,0.8272301926428112,0.8105499988064262,0.8048471031963906,0.01929326027310309,65,0.8273271705139528,0.8253622496478957,0.8262977131126018,0.8252876512854791,0.8290847079324916,0.8266718984984841,0.001415794189891964
0.04889159202575684,0.00535829113520406,0.002111673355102539,0.0018186104310449203,1.501,balanced,-1,1e-08,"{'SVM__C': 1.501, 'SVM__class_weight': 'balanced', 'SVM__max_iter': -1, 'SVM__tol': 1e-08}",0.5,0.5,0.5000000000000001,0.5,0.5,0.5,4.965068306494546e-17,101,0.5,0.5,0.5,0.5,0.5,0.5,0.0
0.03931670188903809,0.002753584157459633,0.0034399509429931642,0.0026882227995970254,1.501,balanced,-1,0.01000001,"{'SVM__C': 1.501, 'SVM__class_weight': 'balanced', 'SVM__max_iter': -1, 'SVM__tol': 0.01000001}",0.5,0.5,0.5000000000000001,0.5,0.5,0.5,4.965068306494546e-17,101,0.5,0.5,0.5,0.5,0.5,0.5,0.0
0.03960866928100586,0.004567401685283463,0.0050258636474609375,0.0026533741054715664,1.501,balanced,-1,0.020000010000000002,"{'SVM__C': 1.501, 'SVM__class_weight': 'balanced', 'SVM__max_iter': -1, 'SVM__tol': 0.020000010000000002}",0.5,0.5,0.5000000000000001,0.5,0.5,0.5,4.965068306494546e-17,101,0.5,0.5,0.5,0.5,0.5,0.5,0.0
0.04146757125854492,0.003348161328201184,0.003327083587646484,0.002449412751353593,1.501,balanced,-1,0.03000001,"{'SVM__C': 1.501, 'SVM__class_weight': 'balanced', 'SVM__max_iter': -1, 'SVM__tol': 0.03000001}",0.5,0.5,0.5000000000000001,0.5,0.5,0.5,4.965068306494546e-17,101,0.5,0.5,0.5,0.5,0.5,0.5,0.0
0.03800578117370605,0.0029559389061908155,0.003819179534912109,0.002864341664333638,1.501,balanced,-1,0.04000001,"{'SVM__C': 1.501, 'SVM__class_weight': 'balanced', 'SVM__max_iter': -1, 'SVM__tol': 0.04000001}",0.5,0.5,0.5000000000000001,0.5,0.5,0.5,4.965068306494546e-17,101,0.5,0.5,0.5,0.5,0.5,0.5,0.0
0.037330341339111325,0.003408409263602204,0.003845882415771484,0.0026358294836266263,1.501,balanced,-1,0.050000010000000004,"{'SVM__C': 1.501, 'SVM__class_weight': 'balanced', 'SVM__max_iter': -1, 'SVM__tol': 0.050000010000000004}",0.5,0.5,0.5000000000000001,0.5,0.5,0.5,4.965068306494546e-17,101,0.5,0.5,0.5,0.5,0.5,0.5,0.0
0.04213771820068359,0.005201760724137211,0.0047991275787353516,0.002227390987386978,1.501,balanced,-1,0.06000001,"{'SVM__C': 1.501, 'SVM__class_weight': 'balanced', 'SVM__max_iter': -1, 'SVM__tol': 0.06000001}",0.5,0.5,0.5000000000000001,0.5,0.5,0.5,4.965068306494546e-17,101,0.5,0.5,0.5,0.5,0.5,0.5,0.0
0.04080033302307129,0.003123719181349605,0.0032027244567871095,0.0004008367972500437,1.501,balanced,-1,0.07000001,"{'SVM__C': 1.501, 'SVM__class_weight': 'balanced', 'SVM__max_iter': -1, 'SVM__tol': 0.07000001}",0.5,0.5,0.5000000000000001,0.5,0.5,0.5,4.965068306494546e-17,101,0.5,0.5,0.5,0.5,0.5,0.5,0.0
0.03980002403259277,0.004261597726210635,0.003399181365966797,0.0004908223035789806,1.501,balanced,-1,0.08000001,"{'SVM__C': 1.501, 'SVM__class_weight': 'balanced', 'SVM__max_iter': -1, 'SVM__tol': 0.08000001}",0.5,0.5,0.5000000000000001,0.5,0.5,0.5,4.965068306494546e-17,101,0.5,0.5,0.5,0.5,0.5,0.5,0.0
0.0367546558380127,0.0023847160293329938,0.0024002552032470702,0.0012001289976907483,1.501,balanced,-1,0.09000000999999999,"{'SVM__C': 1.501, 'SVM__class_weight': 'balanced', 'SVM__max_iter': -1, 'SVM__tol': 0.09000000999999999}",0.5,0.5,0.5000000000000001,0.5,0.5,0.5,4.965068306494546e-17,101,0.5,0.5,0.5,0.5,0.5,0.5,0.0
4.258768749237061,0.12891890983522242,0.0035013198852539063,0.002097820496331132,1.501,balanced,296,1e-08,"{'SVM__C': 1.501, 'SVM__class_weight': 'balanced', 'SVM__max_iter': 296, 'SVM__tol': 1e-08}",0.7751605356759208,0.8132415077224224,0.8029170943639447,0.8282029552887255,0.8105499988064262,0.806014418371488,0.01747391755900959,21,0.8333875414766896,0.8250071614427918,0.8320402950514431,0.8283551359480558,0.8280373469241603,0.8293654961686281,0.0030037072859029745
0.1598644733428955,0.029517966247837854,0.005167150497436523,0.0025628280253894606,1.501,balanced,296,0.01000001,"{'SVM__C': 1.501, 'SVM__class_weight': 'balanced', 'SVM__max_iter': 296, 'SVM__tol': 0.01000001}",0.7751605356759208,0.8142142703683367,0.8029170943639447,0.8282029552887255,0.8095772361605119,0.8060144183714878,0.017514667609150585,26,0.8341544126423337,0.8255308419469576,0.8320402950514431,0.8268213936167673,0.8295710892554488,0.8296236065025901,0.003192944241437851
0.13065013885498047,0.009345884375334478,0.0046268939971923825,0.0027783402330092636,1.501,balanced,296,0.020000010000000002,"{'SVM__C': 1.501, 'SVM__class_weight': 'balanced', 'SVM__max_iter': 296, 'SVM__tol': 0.020000010000000002}",0.7720930510133441,0.8151870330142512,0.8059845790265212,0.8282029552887255,0.8095772361605119,0.8062089709006708,0.01865278800024076,11,0.8343976033038122,0.8260545224511232,0.8285237282471175,0.8268213936167673,0.8295710892554488,0.8290736673748539,0.002935374882328224
0.1253065586090088,0.014380927255999666,0.0016262531280517578,0.0015073181740603609,1.501,balanced,296,0.03000001,"{'SVM__C': 1.501, 'SVM__class_weight': 'balanced', 'SVM__max_iter': 296, 'SVM__tol': 0.03000001}",0.7720930510133441,0.8151870330142512,0.8059845790265212,0.8282029552887255,0.8105499988064262,0.8064035234298538,0.018691937084713638,1,0.8343976033038122,0.8260545224511232,0.8285237282471175,0.8268213936167673,0.8290847079324916,0.8289763911102623,0.0029253207860804316
0.12637572288513182,0.012464390452821687,0.0039637088775634766,0.004857032878959519,1.501,balanced,296,0.04000001,"{'SVM__C': 1.501, 'SVM__class_weight': 'balanced', 'SVM__max_iter': 296, 'SVM__tol': 0.04000001}",0.7720930510133441,0.8151870330142512,0.8059845790265212,0.8282029552887255,0.8105499988064262,0.8064035234298538,0.018691937084713638,1,0.8343976033038122,0.8260545224511232,0.8285237282471175,0.8268213936167673,0.8290847079324916,0.8289763911102623,0.0029253207860804316
0.11587023735046387,0.010898311669932893,0.002254772186279297,0.0013388852716732717,1.501,balanced,296,0.050000010000000004,"{'SVM__C': 1.501, 'SVM__class_weight': 'balanced', 'SVM__max_iter': 296, 'SVM__tol': 0.050000010000000004}",0.7720930510133441,0.8151870330142512,0.8059845790265212,0.8272301926428112,0.8105499988064262,0.8062089709006708,0.018467746086611468,11,0.8343976033038122,0.8260545224511232,0.8285237282471175,0.8252876512854791,0.8290847079324916,0.8286696426440047,0.0032024934878180852
0.11392550468444824,0.0033271948395892,0.003402519226074219,0.0004920129881653005,1.501,balanced,296,0.06000001,"{'SVM__C': 1.501, 'SVM__class_weight': 'balanced', 'SVM__max_iter': 296, 'SVM__tol': 0.06000001}",0.7720930510133441,0.8122687450765083,0.8059845790265212,0.8272301926428112,0.8105499988064262,0.805625313313122,0.01821922177507639,40,0.8343976033038122,0.8253622496478957,0.8285237282471175,0.8252876512854791,0.8290847079324916,0.8285311880833592,0.003325175760114424
0.10024757385253906,0.010856013165203656,0.0042040348052978516,0.0036551410407154824,1.501,balanced,296,0.07000001,"{'SVM__C': 1.501, 'SVM__class_weight': 'balanced', 'SVM__max_iter': 296, 'SVM__tol': 0.07000001}",0.7682020004296866,0.8122687450765083,0.8050118163806068,0.8272301926428112,0.8105499988064262,0.804652550667208,0.019653538681288118,75,0.8273271705139528,0.8253622496478957,0.8262977131126018,0.8252876512854791,0.8290847079324916,0.8266718984984841,0.001415794189891964
0.11170806884765624,0.015641130003419004,0.001301717758178711,0.0011727506864757792,1.501,balanced,296,0.08000001,"{'SVM__C': 1.501, 'SVM__class_weight': 'balanced', 'SVM__max_iter': 296, 'SVM__tol': 0.08000001}",0.7682020004296866,0.8122687450765083,0.8050118163806068,0.8272301926428112,0.8105499988064262,0.804652550667208,0.019653538681288118,75,0.8273271705139528,0.8253622496478957,0.8262977131126018,0.8252876512854791,0.8290847079324916,0.8266718984984841,0.001415794189891964
0.10010528564453125,0.012109950514195708,0.0022196292877197264,0.003162262709180425,1.501,balanced,296,0.09000000999999999,"{'SVM__C': 1.501, 'SVM__class_weight': 'balanced', 'SVM__max_iter': 296, 'SVM__tol': 0.09000000999999999}",0.7682020004296866,0.8122687450765083,0.8050118163806068,0.8272301926428112,0.8105499988064262,0.804652550667208,0.019653538681288118,75,0.8273271705139528,0.8253622496478957,0.8262977131126018,0.8252876512854791,0.8290847079324916,0.8266718984984841,0.001415794189891964
0.0410275936126709,0.0038823401807797737,0.0030139923095703126,0.0006053729818861949,1.751,balanced,-1,1e-08,"{'SVM__C': 1.751, 'SVM__class_weight': 'balanced', 'SVM__max_iter': -1, 'SVM__tol': 1e-08}",0.5,0.5,0.5000000000000001,0.5,0.5,0.5,4.965068306494546e-17,101,0.5,0.5,0.5,0.5,0.5,0.5,0.0
0.03829312324523926,0.0023639874561766157,0.002415752410888672,0.0013531163819454507,1.751,balanced,-1,0.01000001,"{'SVM__C': 1.751, 'SVM__class_weight': 'balanced', 'SVM__max_iter': -1, 'SVM__tol': 0.01000001}",0.5,0.5,0.5000000000000001,0.5,0.5,0.5,4.965068306494546e-17,101,0.5,0.5,0.5,0.5,0.5,0.5,0.0
0.0369990348815918,0.002278429401760475,0.003201866149902344,0.0007530064627270897,1.751,balanced,-1,0.020000010000000002,"{'SVM__C': 1.751, 'SVM__class_weight': 'balanced', 'SVM__max_iter': -1, 'SVM__tol': 0.020000010000000002}",0.5,0.5,0.5000000000000001,0.5,0.5,0.5,4.965068306494546e-17,101,0.5,0.5,0.5,0.5,0.5,0.5,0.0
0.03970341682434082,0.002329408974801375,0.00308074951171875,0.0007690968830457715,1.751,balanced,-1,0.03000001,"{'SVM__C': 1.751, 'SVM__class_weight': 'balanced', 'SVM__max_iter': -1, 'SVM__tol': 0.03000001}",0.5,0.5,0.5000000000000001,0.5,0.5,0.5,4.965068306494546e-17,101,0.5,0.5,0.5,0.5,0.5,0.5,0.0
0.04343047142028809,0.010853935608173298,0.003217124938964844,0.0007336837328125876,1.751,balanced,-1,0.04000001,"{'SVM__C': 1.751, 'SVM__class_weight': 'balanced', 'SVM__max_iter': -1, 'SVM__tol': 0.04000001}",0.5,0.5,0.5000000000000001,0.5,0.5,0.5,4.965068306494546e-17,101,0.5,0.5,0.5,0.5,0.5,0.5,0.0
0.04087300300598144,0.007092712847716462,0.002399110794067383,0.0015858382753212127,1.751,balanced,-1,0.050000010000000004,"{'SVM__C': 1.751, 'SVM__class_weight': 'balanced', 'SVM__max_iter': -1, 'SVM__tol': 0.050000010000000004}",0.5,0.5,0.5000000000000001,0.5,0.5,0.5,4.965068306494546e-17,101,0.5,0.5,0.5,0.5,0.5,0.5,0.0
0.04042873382568359,0.004942739282517006,0.005061006546020508,0.0037358473888618963,1.751,balanced,-1,0.06000001,"{'SVM__C': 1.751, 'SVM__class_weight': 'balanced', 'SVM__max_iter': -1, 'SVM__tol': 0.06000001}",0.5,0.5,0.5000000000000001,0.5,0.5,0.5,4.965068306494546e-17,101,0.5,0.5,0.5,0.5,0.5,0.5,0.0
0.03830981254577637,0.0013608995900611226,0.004347753524780273,0.002109277553683749,1.751,balanced,-1,0.07000001,"{'SVM__C': 1.751, 'SVM__class_weight': 'balanced', 'SVM__max_iter': -1, 'SVM__tol': 0.07000001}",0.5,0.5,0.5000000000000001,0.5,0.5,0.5,4.965068306494546e-17,101,0.5,0.5,0.5,0.5,0.5,0.5,0.0
0.04162921905517578,0.0033538226307558315,0.0026037216186523436,0.0013569762562647208,1.751,balanced,-1,0.08000001,"{'SVM__C': 1.751, 'SVM__class_weight': 'balanced', 'SVM__max_iter': -1, 'SVM__tol': 0.08000001}",0.5,0.5,0.5000000000000001,0.5,0.5,0.5,4.965068306494546e-17,101,0.5,0.5,0.5,0.5,0.5,0.5,0.0
0.043973779678344725,0.007131691052689942,0.0038704872131347656,0.0010270372493526162,1.751,balanced,-1,0.09000000999999999,"{'SVM__C': 1.751, 'SVM__class_weight': 'balanced', 'SVM__max_iter': -1, 'SVM__tol': 0.09000000999999999}",0.5,0.5,0.5000000000000001,0.5,0.5,0.5,4.965068306494546e-17,101,0.5,0.5,0.5,0.5,0.5,0.5,0.0
3.470894765853882,0.3106115164806,0.0044383049011230465,0.003926255787463941,1.751,balanced,296,1e-08,"{'SVM__C': 1.751, 'SVM__class_weight': 'balanced', 'SVM__max_iter': 296, 'SVM__tol': 1e-08}",0.7751605356759208,0.8132415077224224,0.8029170943639447,0.8282029552887255,0.8105499988064262,0.806014418371488,0.01747391755900959,21,0.8333875414766896,0.8250071614427918,0.8320402950514431,0.8283551359480558,0.8280373469241603,0.8293654961686281,0.0030037072859029745
0.1684363842010498,0.03209300976308512,0.0009625434875488281,0.001207485748971314,1.751,balanced,296,0.01000001,"{'SVM__C': 1.751, 'SVM__class_weight': 'balanced', 'SVM__max_iter': 296, 'SVM__tol': 0.01000001}",0.7751605356759208,0.8142142703683367,0.8029170943639447,0.8282029552887255,0.8095772361605119,0.8060144183714878,0.017514667609150585,26,0.8341544126423337,0.8255308419469576,0.8320402950514431,0.8268213936167673,0.8295710892554488,0.8296236065025901,0.003192944241437851
0.13974876403808595,0.017096150732960794,0.006484413146972656,0.0029740936940763343,1.751,balanced,296,0.020000010000000002,"{'SVM__C': 1.751, 'SVM__class_weight': 'balanced', 'SVM__max_iter': 296, 'SVM__tol': 0.020000010000000002}",0.7720930510133441,0.8151870330142512,0.8059845790265212,0.8282029552887255,0.8095772361605119,0.8062089709006708,0.01865278800024076,11,0.8343976033038122,0.8260545224511232,0.8285237282471175,0.8268213936167673,0.8295710892554488,0.8290736673748539,0.002935374882328224
0.1283270835876465,0.013471761807304658,0.002199602127075195,0.001833290597602261,1.751,balanced,296,0.03000001,"{'SVM__C': 1.751, 'SVM__class_weight': 'balanced', 'SVM__max_iter': 296, 'SVM__tol': 0.03000001}",0.7720930510133441,0.8151870330142512,0.8059845790265212,0.8282029552887255,0.8105499988064262,0.8064035234298538,0.018691937084713638,1,0.8343976033038122,0.8260545224511232,0.8285237282471175,0.8268213936167673,0.8290847079324916,0.8289763911102623,0.0029253207860804316
0.12320132255554199,0.00803656618423062,0.0014011383056640625,0.0017456688235863579,1.751,balanced,296,0.04000001,"{'SVM__C': 1.751, 'SVM__class_weight': 'balanced', 'SVM__max_iter': 296, 'SVM__tol': 0.04000001}",0.7720930510133441,0.8151870330142512,0.8059845790265212,0.8282029552887255,0.8105499988064262,0.8064035234298538,0.018691937084713638,1,0.8343976033038122,0.8260545224511232,0.8285237282471175,0.8268213936167673,0.8290847079324916,0.8289763911102623,0.0029253207860804316
0.12461919784545898,0.0207711841221075,0.006600427627563477,0.005426461204850006,1.751,balanced,296,0.050000010000000004,"{'SVM__C': 1.751, 'SVM__class_weight': 'balanced', 'SVM__max_iter': 296, 'SVM__tol': 0.050000010000000004}",0.7720930510133441,0.8151870330142512,0.8059845790265212,0.8272301926428112,0.8105499988064262,0.8062089709006708,0.018467746086611468,11,0.8343976033038122,0.8260545224511232,0.8285237282471175,0.8252876512854791,0.8290847079324916,0.8286696426440047,0.0032024934878180852
0.11550793647766114,0.012580523753577395,0.003649187088012695,0.004191657139201764,1.751,balanced,296,0.06000001,"{'SVM__C': 1.751, 'SVM__class_weight': 'balanced', 'SVM__max_iter': 296, 'SVM__tol': 0.06000001}",0.7720930510133441,0.8122687450765083,0.8059845790265212,0.8272301926428112,0.8105499988064262,0.805625313313122,0.01821922177507639,40,0.8343976033038122,0.8253622496478957,0.8285237282471175,0.8252876512854791,0.8290847079324916,0.8285311880833592,0.003325175760114424
0.09856247901916504,0.007347639128710221,0.004869985580444336,0.0037602987300698536,1.751,balanced,296,0.07000001,"{'SVM__C': 1.751, 'SVM__class_weight': 'balanced', 'SVM__max_iter': 296, 'SVM__tol': 0.07000001}",0.7682020004296866,0.8122687450765083,0.8050118163806068,0.8272301926428112,0.8105499988064262,0.804652550667208,0.019653538681288118,75,0.8273271705139528,0.8253622496478957,0.8262977131126018,0.8252876512854791,0.8290847079324916,0.8266718984984841,0.001415794189891964
0.09984426498413086,0.008508520641354874,0.001130533218383789,0.0013894554868224068,1.751,balanced,296,0.08000001,"{'SVM__C': 1.751, 'SVM__class_weight': 'balanced', 'SVM__max_iter': 296, 'SVM__tol': 0.08000001}",0.7682020004296866,0.8122687450765083,0.8050118163806068,0.8272301926428112,0.8105499988064262,0.804652550667208,0.019653538681288118,75,0.8273271705139528,0.8253622496478957,0.8262977131126018,0.8252876512854791,0.8290847079324916,0.8266718984984841,0.001415794189891964
0.09701309204101563,0.009042838833962738,0.004867410659790039,0.003761414995932451,1.751,balanced,296,0.09000000999999999,"{'SVM__C': 1.751, 'SVM__class_weight': 'balanced', 'SVM__max_iter': 296, 'SVM__tol': 0.09000000999999999}",0.7682020004296866,0.8122687450765083,0.8050118163806068,0.8272301926428112,0.8105499988064262,0.804652550667208,0.019653538681288118,75,0.8273271705139528,0.8253622496478957,0.8262977131126018,0.8252876512854791,0.8290847079324916,0.8266718984984841,0.001415794189891964
0.040420246124267575,0.0024192669495733932,0.004655790328979492,0.004609388861452871,2.001,balanced,-1,1e-08,"{'SVM__C': 2.001, 'SVM__class_weight': 'balanced', 'SVM__max_iter': -1, 'SVM__tol': 1e-08}",0.5,0.5,0.5000000000000001,0.5,0.5,0.5,4.965068306494546e-17,101,0.5,0.5,0.5,0.5,0.5,0.5,0.0
0.044713830947875975,0.005567287707661709,0.002199745178222656,0.001832416138798153,2.001,balanced,-1,0.01000001,"{'SVM__C': 2.001, 'SVM__class_weight': 'balanced', 'SVM__max_iter': -1, 'SVM__tol': 0.01000001}",0.5,0.5,0.5000000000000001,0.5,0.5,0.5,4.965068306494546e-17,101,0.5,0.5,0.5,0.5,0.5,0.5,0.0
0.044995355606079104,0.005045377011312928,0.004066753387451172,0.0014623386350472178,2.001,balanced,-1,0.020000010000000002,"{'SVM__C': 2.001, 'SVM__class_weight': 'balanced', 'SVM__max_iter': -1, 'SVM__tol': 0.020000010000000002}",0.5,0.5,0.5000000000000001,0.5,0.5,0.5,4.965068306494546e-17,101,0.5,0.5,0.5,0.5,0.5,0.5,0.0
0.04048004150390625,0.005054886381842666,0.002798032760620117,0.0014681855236049629,2.001,balanced,-1,0.03000001,"{'SVM__C': 2.001, 'SVM__class_weight': 'balanced', 'SVM__max_iter': -1, 'SVM__tol': 0.03000001}",0.5,0.5,0.5000000000000001,0.5,0.5,0.5,4.965068306494546e-17,101,0.5,0.5,0.5,0.5,0.5,0.5,0.0
0.04502601623535156,0.007533561048397956,0.004602622985839844,0.003981160393082822,2.001,balanced,-1,0.04000001,"{'SVM__C': 2.001, 'SVM__class_weight': 'balanced', 'SVM__max_iter': -1, 'SVM__tol': 0.04000001}",0.5,0.5,0.5000000000000001,0.5,0.5,0.5,4.965068306494546e-17,101,0.5,0.5,0.5,0.5,0.5,0.5,0.0
0.037604570388793945,0.004286182828527799,0.006657123565673828,0.002696531259463783,2.001,balanced,-1,0.050000010000000004,"{'SVM__C': 2.001, 'SVM__class_weight': 'balanced', 'SVM__max_iter': -1, 'SVM__tol': 0.050000010000000004}",0.5,0.5,0.5000000000000001,0.5,0.5,0.5,4.965068306494546e-17,101,0.5,0.5,0.5,0.5,0.5,0.5,0.0
0.051614809036254886,0.011008978555986006,0.003797292709350586,0.0011636871310663475,2.001,balanced,-1,0.06000001,"{'SVM__C': 2.001, 'SVM__class_weight': 'balanced', 'SVM__max_iter': -1, 'SVM__tol': 0.06000001}",0.5,0.5,0.5000000000000001,0.5,0.5,0.5,4.965068306494546e-17,101,0.5,0.5,0.5,0.5,0.5,0.5,0.0
0.03776359558105469,0.004677763865012772,0.005224752426147461,0.0022590525173774557,2.001,balanced,-1,0.07000001,"{'SVM__C': 2.001, 'SVM__class_weight': 'balanced', 'SVM__max_iter': -1, 'SVM__tol': 0.07000001}",0.5,0.5,0.5000000000000001,0.5,0.5,0.5,4.965068306494546e-17,101,0.5,0.5,0.5,0.5,0.5,0.5,0.0
0.04176363945007324,0.0038634833734769577,0.004665517807006836,0.001332137892511491,2.001,balanced,-1,0.08000001,"{'SVM__C': 2.001, 'SVM__class_weight': 'balanced', 'SVM__max_iter': -1, 'SVM__tol': 0.08000001}",0.5,0.5,0.5000000000000001,0.5,0.5,0.5,4.965068306494546e-17,101,0.5,0.5,0.5,0.5,0.5,0.5,0.0
0.05173273086547851,0.013002649911460613,0.003203153610229492,0.0004002028676875745,2.001,balanced,-1,0.09000000999999999,"{'SVM__C': 2.001, 'SVM__class_weight': 'balanced', 'SVM__max_iter': -1, 'SVM__tol': 0.09000000999999999}",0.5,0.5,0.5000000000000001,0.5,0.5,0.5,4.965068306494546e-17,101,0.5,0.5,0.5,0.5,0.5,0.5,0.0
3.006459951400757,1.3020070608310226,0.0012021541595458984,0.0014723324677612857,2.001,balanced,296,1e-08,"{'SVM__C': 2.001, 'SVM__class_weight': 'balanced', 'SVM__max_iter': 296, 'SVM__tol': 1e-08}",0.7751605356759208,0.8132415077224224,0.8029170943639447,0.8282029552887255,0.8105499988064262,0.806014418371488,0.01747391755900959,21,0.8333875414766896,0.8250071614427918,0.8320402950514431,0.8283551359480558,0.8280373469241603,0.8293654961686281,0.0030037072859029745
0.14304070472717284,0.03499650858407312,0.0020006179809570314,0.0017892578848170695,2.001,balanced,296,0.01000001,"{'SVM__C': 2.001, 'SVM__class_weight': 'balanced', 'SVM__max_iter': 296, 'SVM__tol': 0.01000001}",0.7751605356759208,0.8142142703683367,0.8029170943639447,0.8282029552887255,0.8095772361605119,0.8060144183714878,0.017514667609150585,26,0.8341544126423337,0.8255308419469576,0.8320402950514431,0.8268213936167673,0.8295710892554488,0.8296236065025901,0.003192944241437851
0.13518061637878417,0.025118420556330873,0.0042568683624267575,0.0030418949811937077,2.001,balanced,296,0.020000010000000002,"{'SVM__C': 2.001, 'SVM__class_weight': 'balanced', 'SVM__max_iter': 296, 'SVM__tol': 0.020000010000000002}",0.7720930510133441,0.8151870330142512,0.8059845790265212,0.8282029552887255,0.8095772361605119,0.8062089709006708,0.01865278800024076,11,0.8343976033038122,0.8260545224511232,0.8287669189085961,0.8268213936167673,0.8295710892554488,0.8291223055071495,0.0029278648102939175
0.12733197212219238,0.018745555031664633,0.0034366607666015624,0.0038077992376290386,2.001,balanced,296,0.03000001,"{'SVM__C': 2.001, 'SVM__class_weight': 'balanced', 'SVM__max_iter': 296, 'SVM__tol': 0.03000001}",0.7720930510133441,0.8151870330142512,0.8059845790265212,0.8282029552887255,0.8105499988064262,0.8064035234298538,0.018691937084713638,1,0.8343976033038122,0.8260545224511232,0.8287669189085961,0.8268213936167673,0.8290847079324916,0.829025029242558,0.00291940593626188
0.1257718563079834,0.008679496255793074,0.005986928939819336,0.005678376568949954,2.001,balanced,296,0.04000001,"{'SVM__C': 2.001, 'SVM__class_weight': 'balanced', 'SVM__max_iter': 296, 'SVM__tol': 0.04000001}",0.7720930510133441,0.8151870330142512,0.8059845790265212,0.8282029552887255,0.8105499988064262,0.8064035234298538,0.018691937084713638,1,0.8343976033038122,0.8260545224511232,0.8287669189085961,0.8268213936167673,0.8290847079324916,0.829025029242558,0.00291940593626188
0.11867284774780273,0.022488107167338352,0.0024134159088134766,0.0013538798193202444,2.001,balanced,296,0.050000010000000004,"{'SVM__C': 2.001, 'SVM__class_weight': 'balanced', 'SVM__max_iter': 296, 'SVM__tol': 0.050000010000000004}",0.7720930510133441,0.8151870330142512,0.8059845790265212,0.8272301926428112,0.8105499988064262,0.8062089709006708,0.018467746086611468,11,0.8343976033038122,0.8260545224511232,0.8287669189085961,0.8252876512854791,0.8290847079324916,0.8287182807763005,0.0032017547069834707
0.11537456512451172,0.018129711849824752,0.0033989429473876955,0.0004835455223214542,2.001,balanced,296,0.06000001,"{'SVM__C': 2.001, 'SVM__class_weight': 'balanced', 'SVM__max_iter': 296, 'SVM__tol': 0.06000001}",0.7720930510133441,0.8122687450765083,0.8059845790265212,0.8272301926428112,0.8105499988064262,0.805625313313122,0.01821922177507639,40,0.8343976033038122,0.8253622496478957,0.8287669189085961,0.8252876512854791,0.8290847079324916,0.8285798262156548,0.003326489266824913
0.10831489562988281,0.019622508514535106,0.0012102127075195312,0.0016038873842361744,2.001,balanced,296,0.07000001,"{'SVM__C': 2.001, 'SVM__class_weight': 'balanced', 'SVM__max_iter': 296, 'SVM__tol': 0.07000001}",0.7682020004296866,0.8122687450765083,0.8050118163806068,0.8272301926428112,0.8105499988064262,0.804652550667208,0.019653538681288118,75,0.8273271705139528,0.8253622496478957,0.8262977131126018,0.8252876512854791,0.8290847079324916,0.8266718984984841,0.001415794189891964
0.09967765808105469,0.010266322954039021,0.004673147201538086,0.0029338233727598546,2.001,balanced,296,0.08000001,"{'SVM__C': 2.001, 'SVM__class_weight': 'balanced', 'SVM__max_iter': 296, 'SVM__tol': 0.08000001}",0.7682020004296866,0.8122687450765083,0.8050118163806068,0.8272301926428112,0.8105499988064262,0.804652550667208,0.019653538681288118,75,0.8273271705139528,0.8253622496478957,0.8262977131126018,0.8252876512854791,0.8290847079324916,0.8266718984984841,0.001415794189891964
0.09987478256225586,0.011170673294846065,0.0050125598907470705,0.004552668445639818,2.001,balanced,296,0.09000000999999999,"{'SVM__C': 2.001, 'SVM__class_weight': 'balanced', 'SVM__max_iter': 296, 'SVM__tol': 0.09000000999999999}",0.7682020004296866,0.8122687450765083,0.8050118163806068,0.8272301926428112,0.8105499988064262,0.804652550667208,0.019653538681288118,75,0.8273271705139528,0.8253622496478957,0.8262977131126018,0.8252876512854791,0.8290847079324916,0.8266718984984841,0.001415794189891964
0.04347667694091797,0.005011333242737025,0.0030675411224365236,0.001756522809978451,2.251,balanced,-1,1e-08,"{'SVM__C': 2.251, 'SVM__class_weight': 'balanced', 'SVM__max_iter': -1, 'SVM__tol': 1e-08}",0.5,0.5,0.5000000000000001,0.5,0.5,0.5,4.965068306494546e-17,101,0.5,0.5,0.5,0.5,0.5,0.5,0.0
0.04886140823364258,0.0034757717958812414,0.003196525573730469,0.0009801472679982408,2.251,balanced,-1,0.01000001,"{'SVM__C': 2.251, 'SVM__class_weight': 'balanced', 'SVM__max_iter': -1, 'SVM__tol': 0.01000001}",0.5,0.5,0.5000000000000001,0.5,0.5,0.5,4.965068306494546e-17,101,0.5,0.5,0.5,0.5,0.5,0.5,0.0
0.04011697769165039,0.002191574441536439,0.003932285308837891,0.0009694527866598657,2.251,balanced,-1,0.020000010000000002,"{'SVM__C': 2.251, 'SVM__class_weight': 'balanced', 'SVM__max_iter': -1, 'SVM__tol': 0.020000010000000002}",0.5,0.5,0.5000000000000001,0.5,0.5,0.5,4.965068306494546e-17,101,0.5,0.5,0.5,0.5,0.5,0.5,0.0
0.045079278945922854,0.004848441791888576,0.0028985977172851563,0.000880142993737841,2.251,balanced,-1,0.03000001,"{'SVM__C': 2.251, 'SVM__class_weight': 'balanced', 'SVM__max_iter': -1, 'SVM__tol': 0.03000001}",0.5,0.5,0.5000000000000001,0.5,0.5,0.5,4.965068306494546e-17,101,0.5,0.5,0.5,0.5,0.5,0.5,0.0
0.03663392066955566,0.003436400779554169,0.0034223079681396486,0.002668429704691289,2.251,balanced,-1,0.04000001,"{'SVM__C': 2.251, 'SVM__class_weight': 'balanced', 'SVM__max_iter': -1, 'SVM__tol': 0.04000001}",0.5,0.5,0.5000000000000001,0.5,0.5,0.5,4.965068306494546e-17,101,0.5,0.5,0.5,0.5,0.5,0.5,0.0
0.04221463203430176,0.004984931377801239,0.0053959846496582035,0.004304600189813744,2.251,balanced,-1,0.050000010000000004,"{'SVM__C': 2.251, 'SVM__class_weight': 'balanced', 'SVM__max_iter': -1, 'SVM__tol': 0.050000010000000004}",0.5,0.5,0.5000000000000001,0.5,0.5,0.5,4.965068306494546e-17,101,0.5,0.5,0.5,0.5,0.5,0.5,0.0
0.04326090812683105,0.00457464410295581,0.0020391464233398436,0.0019108703133106284,2.251,balanced,-1,0.06000001,"{'SVM__C': 2.251, 'SVM__class_weight': 'balanced', 'SVM__max_iter': -1, 'SVM__tol': 0.06000001}",0.5,0.5,0.5000000000000001,0.5,0.5,0.5,4.965068306494546e-17,101,0.5,0.5,0.5,0.5,0.5,0.5,0.0
0.03914480209350586,0.004988579715054208,0.005242443084716797,0.0023590598206502784,2.251,balanced,-1,0.07000001,"{'SVM__C': 2.251, 'SVM__class_weight': 'balanced', 'SVM__max_iter': -1, 'SVM__tol': 0.07000001}",0.5,0.5,0.5000000000000001,0.5,0.5,0.5,4.965068306494546e-17,101,0.5,0.5,0.5,0.5,0.5,0.5,0.0
0.04340052604675293,0.005125751629095113,0.0032015323638916017,0.0007501172819200073,2.251,balanced,-1,0.08000001,"{'SVM__C': 2.251, 'SVM__class_weight': 'balanced', 'SVM__max_iter': -1, 'SVM__tol': 0.08000001}",0.5,0.5,0.5000000000000001,0.5,0.5,0.5,4.965068306494546e-17,101,0.5,0.5,0.5,0.5,0.5,0.5,0.0
0.04360361099243164,0.003322422545465329,0.003399372100830078,0.00048668211165919,2.251,balanced,-1,0.09000000999999999,"{'SVM__C': 2.251, 'SVM__class_weight': 'balanced', 'SVM__max_iter': -1, 'SVM__tol': 0.09000000999999999}",0.5,0.5,0.5000000000000001,0.5,0.5,0.5,4.965068306494546e-17,101,0.5,0.5,0.5,0.5,0.5,0.5,0.0
2.1704873561859133,0.7905733812005015,0.0016176700592041016,0.0013611786368680947,2.251,balanced,296,1e-08,"{'SVM__C': 2.251, 'SVM__class_weight': 'balanced', 'SVM__max_iter': 296, 'SVM__tol': 1e-08}",0.7751605356759208,0.8132415077224224,0.8029170943639447,0.8282029552887255,0.8105499988064262,0.806014418371488,0.01747391755900959,21,0.8333875414766896,0.8250071614427918,0.8320402950514431,0.8283551359480558,0.8280373469241603,0.8293654961686281,0.0030037072859029745
0.1547983169555664,0.04155406452524574,0.005877399444580078,0.0073437713717537595,2.251,balanced,296,0.01000001,"{'SVM__C': 2.251, 'SVM__class_weight': 'balanced', 'SVM__max_iter': 296, 'SVM__tol': 0.01000001}",0.7751605356759208,0.8142142703683367,0.8029170943639447,0.8282029552887255,0.8095772361605119,0.8060144183714878,0.017514667609150585,26,0.8341544126423337,0.8255308419469576,0.8320402950514431,0.8268213936167673,0.8295710892554488,0.8296236065025901,0.003192944241437851
0.13963160514831544,0.01140963865215014,0.0013997077941894532,0.0017446148270418545,2.251,balanced,296,0.020000010000000002,"{'SVM__C': 2.251, 'SVM__class_weight': 'balanced', 'SVM__max_iter': 296, 'SVM__tol': 0.020000010000000002}",0.7720930510133441,0.8151870330142512,0.8059845790265212,0.8282029552887255,0.8095772361605119,0.8062089709006708,0.01865278800024076,11,0.8348839846267695,0.8260545224511232,0.8287669189085961,0.8268213936167673,0.8295710892554488,0.8292195817717409,0.003104281811063991
0.12315406799316406,0.01153046142751811,0.003438377380371094,0.003735871396067965,2.251,balanced,296,0.03000001,"{'SVM__C': 2.251, 'SVM__class_weight': 'balanced', 'SVM__max_iter': 296, 'SVM__tol': 0.03000001}",0.7720930510133441,0.8151870330142512,0.8059845790265212,0.8282029552887255,0.8105499988064262,0.8064035234298538,0.018691937084713638,1,0.8348839846267695,0.8260545224511232,0.8287669189085961,0.8268213936167673,0.8290847079324916,0.8291223055071496,0.00309935954337862
0.12269325256347656,0.008177954316058932,0.004428577423095703,0.001902983727853257,2.251,balanced,296,0.04000001,"{'SVM__C': 2.251, 'SVM__class_weight': 'balanced', 'SVM__max_iter': 296, 'SVM__tol': 0.04000001}",0.7720930510133441,0.8151870330142512,0.8059845790265212,0.8282029552887255,0.8105499988064262,0.8064035234298538,0.018691937084713638,1,0.8348839846267695,0.8260545224511232,0.8287669189085961,0.8268213936167673,0.8290847079324916,0.8291223055071496,0.00309935954337862
0.12998433113098146,0.020897476356808935,0.0030166149139404298,0.0006106063862167844,2.251,balanced,296,0.050000010000000004,"{'SVM__C': 2.251, 'SVM__class_weight': 'balanced', 'SVM__max_iter': 296, 'SVM__tol': 0.050000010000000004}",0.7720930510133441,0.8151870330142512,0.8059845790265212,0.8272301926428112,0.8105499988064262,0.8062089709006708,0.018467746086611468,11,0.8348839846267695,0.8260545224511232,0.8287669189085961,0.8252876512854791,0.8290847079324916,0.8288155570408919,0.0033755015111943355
0.11934571266174317,0.013665042039256876,0.004248285293579101,0.001761353611611177,2.251,balanced,296,0.06000001,"{'SVM__C': 2.251, 'SVM__class_weight': 'balanced', 'SVM__max_iter': 296, 'SVM__tol': 0.06000001}",0.7720930510133441,0.8122687450765083,0.8059845790265212,0.8272301926428112,0.8105499988064262,0.805625313313122,0.01821922177507639,40,0.8348839846267695,0.8253622496478957,0.8287669189085961,0.8252876512854791,0.8290847079324916,0.8286771024802464,0.0034978914756802096
0.09672312736511231,0.009583795805931791,0.0038147449493408205,0.0026560456116170752,2.251,balanced,296,0.07000001,"{'SVM__C': 2.251, 'SVM__class_weight': 'balanced', 'SVM__max_iter': 296, 'SVM__tol': 0.07000001}",0.7682020004296866,0.8122687450765083,0.8050118163806068,0.8272301926428112,0.8105499988064262,0.804652550667208,0.019653538681288118,75,0.8273271705139528,0.8253622496478957,0.8262977131126018,0.8252876512854791,0.8290847079324916,0.8266718984984841,0.001415794189891964
0.10377063751220703,0.012018657655359238,0.0016874313354492188,0.0016074171309580193,2.251,balanced,296,0.08000001,"{'SVM__C': 2.251, 'SVM__class_weight': 'balanced', 'SVM__max_iter': 296, 'SVM__tol': 0.08000001}",0.7682020004296866,0.8122687450765083,0.8050118163806068,0.8272301926428112,0.8105499988064262,0.804652550667208,0.019653538681288118,75,0.8273271705139528,0.8253622496478957,0.8262977131126018,0.8252876512854791,0.8290847079324916,0.8266718984984841,0.001415794189891964
0.09376401901245117,0.008229034608244892,0.0030025959014892576,0.0006328631625639302,2.251,balanced,296,0.09000000999999999,"{'SVM__C': 2.251, 'SVM__class_weight': 'balanced', 'SVM__max_iter': 296, 'SVM__tol': 0.09000000999999999}",0.7682020004296866,0.8122687450765083,0.8050118163806068,0.8272301926428112,0.8105499988064262,0.804652550667208,0.019653538681288118,75,0.8273271705139528,0.8253622496478957,0.8262977131126018,0.8252876512854791,0.8290847079324916,0.8266718984984841,0.001415794189891964
