iteration,MSE_trg,MSE_val,MSE_tst,acc_trg,acc_val,acc_tst,f1_trg,f1_val,f1_tst,elapsed
0,0.118917841178,0.119710109554,0.117690970591,0.758124076809,0.756277695716,0.757969303424,0.00907715582451,0,0.00966183574879,0.3338677
10,0.118839770079,0.119641482783,0.117418810758,0.758493353028,0.756277695716,0.757969303424,0.012084592145,0,0.00966183574879,2.9369966
20,0.11877503124,0.119534159277,0.117287227636,0.758124076809,0.756277695716,0.757969303424,0.00907715582451,0,0.00966183574879,5.2894414
30,0.118628804222,0.119461752382,0.117008082129,0.757754800591,0.756277695716,0.757969303424,0.00906344410876,0,0.00966183574879,7.5742894
40,0.118603264415,0.119403352973,0.116923981204,0.757754800591,0.756277695716,0.757969303424,0.00906344410876,0,0.00966183574879,9.8311019
50,0.118291855339,0.119103844003,0.116555948391,0.758124076809,0.759231905465,0.759149940968,0.015037593985,0,0.00970873786408,12.104132
60,0.118386904903,0.119140432596,0.116980200219,0.758124076809,0.759231905465,0.759149940968,0.015037593985,0,0.00970873786408,14.2728678
70,0.11812778813,0.118776470379,0.116521686,0.758124076809,0.759231905465,0.759149940968,0.015037593985,0,0.00970873786408,16.6069429
80,0.118038130849,0.118788101692,0.116343278434,0.758493353028,0.759231905465,0.759149940968,0.018018018018,0,0.00970873786408,18.9019054
90,0.117890930405,0.118856416406,0.116210716479,0.758493353028,0.759231905465,0.759149940968,0.018018018018,0,0.00970873786408,21.1599385
100,0.117804881854,0.118796774864,0.116140551807,0.759231905465,0.759231905465,0.759149940968,0.0180722891566,0,0.00970873786408,23.412113
110,0.11775738804,0.118757284597,0.116034336374,0.759231905465,0.759231905465,0.759149940968,0.0180722891566,0,0.00970873786408,25.5967895
120,0.117675104791,0.118771526163,0.116003618779,0.759231905465,0.757754800591,0.759149940968,0.0180722891566,0,0.00970873786408,27.8455176
130,0.117600353636,0.11886216551,0.11589701683,0.759601181684,0.757754800591,0.759149940968,0.0210526315789,0,0.00970873786408,30.0515414
140,0.11757187514,0.11886989317,0.115841099285,0.759601181684,0.757754800591,0.759149940968,0.0210526315789,0,0.00970873786408,32.2603337
150,0.117559520464,0.118827470556,0.115858225634,0.759601181684,0.757754800591,0.759149940968,0.0210526315789,0,0.00970873786408,34.4663515
160,0.117501037396,0.118767153396,0.115708724465,0.759601181684,0.757754800591,0.759149940968,0.0210526315789,0,0.00970873786408,36.6268337
170,0.1173840947,0.118753692646,0.115630154813,0.760339734121,0.757754800591,0.759149940968,0.0240601503759,0,0.00970873786408,38.7943042
180,0.117321978448,0.118748585074,0.115551055753,0.760339734121,0.756277695716,0.757969303424,0.0269865067466,0,0.0191387559809,40.9658614
190,0.117303245183,0.118744066921,0.115527022928,0.760339734121,0.756277695716,0.757969303424,0.0269865067466,0,0.0191387559809,43.3112687
200,0.117226735013,0.118546990346,0.115168726096,0.760339734121,0.759231905465,0.760330578512,0.0327868852459,0,0.0287081339713,45.4570063
210,0.117069004434,0.118392140796,0.115077362462,0.759970457903,0.759231905465,0.760330578512,0.0327380952381,0,0.0287081339713,47.6791973
220,0.11705004617,0.118383668498,0.115055540919,0.759970457903,0.759231905465,0.760330578512,0.0327380952381,0,0.0287081339713,49.8699272
230,0.116981688494,0.118352448869,0.114943602231,0.761078286558,0.759231905465,0.759149940968,0.0328849028401,0,0.0285714285714,52.0492642
240,0.116876757243,0.118335879079,0.114828137577,0.76070901034,0.759231905465,0.761511216057,0.0299401197605,0,0.0288461538462,54.2187715
250,0.116823254263,0.118326273393,0.115176625955,0.761078286558,0.759231905465,0.760330578512,0.0299850074963,0,0.0287081339713,56.3847097
260,0.116665694311,0.118311490583,0.115076272107,0.76070901034,0.759231905465,0.761511216057,0.0328358208955,0,0.0380952380952,58.5688175
270,0.116337491809,0.118081955376,0.114284880957,0.761078286558,0.756277695716,0.762691853601,0.0443131462334,0,0.0473933649289,60.7241322
280,0.116305377164,0.11805379243,0.114197897044,0.761078286558,0.756277695716,0.762691853601,0.0443131462334,0,0.0473933649289,62.9920517
290,0.116181899999,0.118000710273,0.11395688998,0.76070901034,0.756277695716,0.767414403778,0.049853372434,0.0119760479042,0.0837209302326,65.1633642
300,0.116119473437,0.117913635731,0.113918199623,0.759970457903,0.756277695716,0.767414403778,0.0469208211144,0.0119760479042,0.0837209302326,67.53325
310,0.116281217297,0.11796665214,0.114062611227,0.76070901034,0.756277695716,0.767414403778,0.049853372434,0.0119760479042,0.0837209302326,69.6952481
320,0.116050769996,0.117769271087,0.113893350819,0.760339734121,0.754800590842,0.763872491145,0.0497803806735,0,0.0566037735849,71.9498653
330,0.116009416202,0.117722438763,0.113793257844,0.759970457903,0.754800590842,0.763872491145,0.0469208211144,0,0.0566037735849,74.1193273
340,0.115993211662,0.117706551505,0.113791860381,0.760339734121,0.754800590842,0.763872491145,0.0497803806735,0,0.0566037735849,76.359488
350,0.115858228414,0.117576848561,0.113664755992,0.759970457903,0.756277695716,0.763872491145,0.0469208211144,0.0119760479042,0.0566037735849,78.510747
360,0.115821065724,0.117512452666,0.113603543198,0.759970457903,0.756277695716,0.763872491145,0.0469208211144,0.0119760479042,0.0566037735849,80.6968196
370,0.11577089236,0.117508562229,0.113597693565,0.760339734121,0.756277695716,0.762691853601,0.0469897209985,0.0119760479042,0.0473933649289,82.8657425
380,0.115727902325,0.117454214794,0.113823830117,0.761816838996,0.757754800591,0.761511216057,0.0416047548291,0.0120481927711,0.0380952380952,85.0621018
390,0.115771710197,0.11754617915,0.113815427858,0.761816838996,0.757754800591,0.761511216057,0.0416047548291,0.0120481927711,0.0380952380952,87.2289066
400,0.11562240456,0.117402609325,0.113789494105,0.762555391433,0.757754800591,0.761511216057,0.0474074074074,0.0120481927711,0.0380952380952,89.3750123
410,0.115529386424,0.117237135315,0.113777526854,0.762555391433,0.757754800591,0.761511216057,0.0474074074074,0.0120481927711,0.0380952380952,91.5922957
420,0.115522467117,0.117219672366,0.113791645493,0.762555391433,0.757754800591,0.761511216057,0.0474074074074,0.0120481927711,0.0380952380952,93.7754819
430,0.115359276352,0.117101751267,0.113561448235,0.762924667651,0.757754800591,0.762691853601,0.0530973451327,0.0120481927711,0.0473933649289,96.0640618
440,0.11514809224,0.116934787342,0.113280897148,0.762555391433,0.756277695716,0.761511216057,0.0530191458027,0.0236686390533,0.0648148148148,98.2416189
450,0.114397812227,0.116345760412,0.112295276768,0.759601181684,0.753323485968,0.762691853601,0.055152394775,0.0233918128655,0.106666666667,100.4746979
460,0.114063852596,0.116088852134,0.112170211814,0.760339734121,0.753323485968,0.761511216057,0.0580551523948,0.0233918128655,0.106194690265,102.6646146
470,0.114035547037,0.116061380979,0.112182013894,0.760339734121,0.753323485968,0.761511216057,0.0580551523948,0.0233918128655,0.106194690265,104.8967279
480,0.113504390544,0.115571798384,0.111612934622,0.76070901034,0.748892171344,0.766233766234,0.0689655172414,0.0229885057471,0.139130434783,107.055107
490,0.113183988996,0.115051585728,0.111451146345,0.761447562777,0.748892171344,0.766233766234,0.0771428571429,0.0229885057471,0.139130434783,109.280098
500,0.112920824561,0.114629068594,0.111103936678,0.76070901034,0.750369276219,0.765053128689,0.0769230769231,0.045197740113,0.138528138528,111.4648188
510,0.112917321562,0.11462447706,0.1111066505,0.76070901034,0.750369276219,0.765053128689,0.0769230769231,0.045197740113,0.138528138528,113.6928456
520,0.112798657761,0.114581933645,0.11107385469,0.76070901034,0.751846381093,0.765053128689,0.0769230769231,0.0561797752809,0.138528138528,115.8656769
530,0.112923363515,0.114313777545,0.111110054439,0.760339734121,0.751846381093,0.767414403778,0.071530758226,0.0561797752809,0.139737991266,118.0544408
540,0.112792583861,0.114421547421,0.110944322211,0.760339734121,0.751846381093,0.766233766234,0.074179743224,0.0561797752809,0.139130434783,120.2328003
550,0.112743565405,0.114366848317,0.11093943178,0.760339734121,0.751846381093,0.766233766234,0.074179743224,0.0561797752809,0.139130434783,122.3962982
560,0.112405719691,0.113952813481,0.110860934804,0.762555391433,0.74741506647,0.763872491145,0.0905233380481,0.0552486187845,0.137931034483,124.5833953
570,0.111975353436,0.113560442526,0.111204150958,0.761447562777,0.74741506647,0.761511216057,0.0952380952381,0.0552486187845,0.136752136752,126.7734261
580,0.111863761669,0.113290208539,0.110958499925,0.761816838996,0.74741506647,0.765053128689,0.0953716690042,0.0552486187845,0.138528138528,129.0310907
590,0.111770545905,0.113140833358,0.111045759072,0.762186115214,0.751846381093,0.762691853601,0.0980392156863,0.0666666666667,0.137339055794,131.2986182
600,0.111580025076,0.112948323215,0.110898954468,0.761816838996,0.751846381093,0.762691853601,0.0979020979021,0.0666666666667,0.144680851064,133.5273338
610,0.111265857994,0.112750943974,0.110834983424,0.762555391433,0.753323485968,0.761511216057,0.108183079057,0.0773480662983,0.14406779661,135.6905099
620,0.111028376553,0.112705907398,0.110770591926,0.762555391433,0.751846381093,0.759149940968,0.110650069156,0.0769230769231,0.142857142857,138.1004184
630,0.110729982251,0.112370805358,0.1105690869,0.762186115214,0.748892171344,0.761511216057,0.112947658402,0.0760869565217,0.14406779661,140.4071056
640,0.110766690327,0.11241385943,0.110555836157,0.762186115214,0.748892171344,0.761511216057,0.112947658402,0.0760869565217,0.14406779661,142.8473446
650,0.110558689663,0.112060821194,0.110454259269,0.762924667651,0.753323485968,0.759149940968,0.118131868132,0.0972972972973,0.15,145.1521618
660,0.110480256749,0.112158571145,0.110365147843,0.76329394387,0.751846381093,0.760330578512,0.120713305898,0.0967741935484,0.150627615063,147.7563163
670,0.110405163921,0.112166675356,0.110271795768,0.76329394387,0.751846381093,0.759149940968,0.123119015048,0.0967741935484,0.15,150.2074788
680,0.110406344329,0.112277138352,0.110248950271,0.762555391433,0.751846381093,0.760330578512,0.120383036936,0.0967741935484,0.150627615063,152.6994825
690,0.110166989911,0.111992027357,0.109839279195,0.763663220089,0.753323485968,0.759149940968,0.128065395095,0.106951871658,0.15,155.1552418
700,0.109934248565,0.111208977375,0.109499376026,0.761447562777,0.757754800591,0.757969303424,0.131720430108,0.127659574468,0.17004048583,157.573622
710,0.109168651766,0.111133774117,0.10899848505,0.761447562777,0.757754800591,0.757969303424,0.158854166667,0.145833333333,0.176706827309,159.8972653
720,0.108809936177,0.110611069442,0.108604064818,0.761078286558,0.756277695716,0.75678866588,0.154248366013,0.13612565445,0.16935483871,162.3340846
730,0.108412995158,0.110279937913,0.108665466286,0.762924667651,0.757754800591,0.75678866588,0.155263157895,0.127659574468,0.162601626016,164.632295
740,0.108281935736,0.110150607974,0.108621385645,0.761816838996,0.757754800591,0.757969303424,0.154652686763,0.127659574468,0.17004048583,167.0254341
750,0.108126513045,0.110064504822,0.108676207661,0.762924667651,0.757754800591,0.759149940968,0.157480314961,0.127659574468,0.184,169.2320626
760,0.108087761745,0.11005189914,0.108702826175,0.762924667651,0.759231905465,0.757969303424,0.157480314961,0.137566137566,0.176706827309,171.6180753
770,0.10787094143,0.109851201406,0.108559952256,0.76329394387,0.756277695716,0.757969303424,0.164276401565,0.13612565445,0.183266932271,173.7885687
780,0.107855826058,0.109880049248,0.10853110724,0.76329394387,0.757754800591,0.757969303424,0.164276401565,0.136842105263,0.183266932271,176.4544174
790,0.107577938421,0.109441576283,0.108381346591,0.762186115214,0.757754800591,0.75678866588,0.170103092784,0.145833333333,0.188976377953,178.9070087
800,0.107451859262,0.109196589032,0.108187097414,0.762555391433,0.757754800591,0.75678866588,0.168175937904,0.145833333333,0.188976377953,181.3121818
810,0.1070739734,0.10925292487,0.107763538572,0.762924667651,0.762186115214,0.754427390791,0.191435768262,0.182741116751,0.2,183.6722401
820,0.106709589215,0.109378741714,0.107236136173,0.761816838996,0.759231905465,0.753246753247,0.190715181932,0.180904522613,0.199233716475,186.1541342
830,0.106687347897,0.109386016247,0.10721451074,0.763663220089,0.76070901034,0.753246753247,0.19395465995,0.181818181818,0.19305019305,188.5249837
840,0.106473145924,0.109165262238,0.107411657731,0.761447562777,0.759231905465,0.755608028335,0.190476190476,0.180904522613,0.206896551724,191.0174212
850,0.10503057178,0.108726205679,0.10742922298,0.762555391433,0.748892171344,0.752066115702,0.199252801993,0.182692307692,0.192307692308,193.1865707
860,0.104459476577,0.109074849508,0.106803804496,0.76329394387,0.753323485968,0.754427390791,0.217338217338,0.208530805687,0.223880597015,195.7281502
870,0.104168243777,0.108528060302,0.1071241781,0.764771048744,0.753323485968,0.752066115702,0.210656753408,0.200956937799,0.210526315789,198.0422668
880,0.104026748032,0.108292277914,0.107392775452,0.766248153619,0.754800590842,0.752066115702,0.219482120838,0.209523809524,0.222222222222,200.6603113
890,0.103681811461,0.108137100123,0.107245618597,0.767355982275,0.756277695716,0.752066115702,0.220297029703,0.210526315789,0.222222222222,203.0523162
900,0.103448485858,0.108536150818,0.106961714742,0.7658788774,0.754800590842,0.754427390791,0.223039215686,0.209523809524,0.22962962963,205.7602922
910,0.102559584221,0.107650664022,0.106354502885,0.767355982275,0.754800590842,0.754427390791,0.233576642336,0.216981132075,0.235294117647,208.1482411
920,0.102133769335,0.108206029121,0.10683606923,0.766248153619,0.751846381093,0.752066115702,0.250887573964,0.214953271028,0.244604316547,210.6571305
930,0.10207018485,0.107994921675,0.106768597273,0.765140324963,0.751846381093,0.752066115702,0.25,0.222222222222,0.244604316547,212.8752867
940,0.101801895885,0.107778450149,0.106796924223,0.766248153619,0.754800590842,0.752066115702,0.252656434475,0.231481481481,0.244604316547,215.213088
950,0.101680097772,0.107667487441,0.106821102114,0.766248153619,0.754800590842,0.753246753247,0.256169212691,0.231481481481,0.250896057348,217.7965288
960,0.101219258366,0.108310583998,0.107474576166,0.768463810931,0.74741506647,0.750885478158,0.270081490105,0.233183856502,0.254416961131,220.2948027
970,0.10119423857,0.108297710541,0.107212765723,0.768094534712,0.745937961595,0.749704840614,0.276497695853,0.232142857143,0.253521126761,222.5134212
980,0.100720033169,0.108079689581,0.10795377441,0.765140324963,0.745937961595,0.753246753247,0.283783783784,0.232142857143,0.281786941581,224.960378
990,0.100552763252,0.108087574364,0.107454756615,0.766248153619,0.74741506647,0.754427390791,0.281498297389,0.233183856502,0.28275862069,227.2576849
1000,0.100599971946,0.108056069093,0.107294186016,0.765140324963,0.750369276219,0.752066115702,0.278911564626,0.242152466368,0.275862068966,229.5036106
1010,0.100433419804,0.107720514473,0.10703118027,0.7658788774,0.750369276219,0.754427390791,0.269585253456,0.228310502283,0.267605633803,231.8198766
1020,0.100166159045,0.107553987037,0.106916349278,0.765140324963,0.750369276219,0.755608028335,0.278911564626,0.235294117647,0.283737024221,234.1506925
1030,0.0993377745007,0.107190396233,0.10624428009,0.766248153619,0.742983751846,0.757969303424,0.292737430168,0.230088495575,0.300341296928,236.6329368
1040,0.0991483431085,0.10644592939,0.106043038528,0.768094534712,0.744460856721,0.759149940968,0.295964125561,0.237885462555,0.301369863014,239.0163302
1050,0.0991025966496,0.106400819806,0.105982557483,0.766986706056,0.744460856721,0.759149940968,0.294972067039,0.237885462555,0.301369863014,241.4640423
1060,0.0987271300767,0.105687142059,0.105791313014,0.770310192024,0.745937961595,0.759149940968,0.297968397291,0.245614035088,0.301369863014,243.7132515
1070,0.0984952903794,0.105600965378,0.10553487728,0.769940915805,0.742983751846,0.757969303424,0.30235162374,0.236842105263,0.295532646048,246.3532718
1080,0.098412571994,0.105445898339,0.105403486838,0.770679468242,0.744460856721,0.760330578512,0.299887260428,0.237885462555,0.307167235495,248.7731279
1090,0.0981046951276,0.105490127434,0.106090946788,0.770679468242,0.745937961595,0.755608028335,0.307692307692,0.245614035088,0.293515358362,251.2475045
1100,0.0980824343293,0.1055208908,0.106046602539,0.771048744461,0.745937961595,0.755608028335,0.309576837416,0.245614035088,0.293515358362,253.7541432
1110,0.0978565997699,0.105522319266,0.105976722658,0.771048744461,0.744460856721,0.755608028335,0.312638580931,0.251082251082,0.298305084746,256.0337751
1120,0.097631475419,0.105401194292,0.105566493495,0.770310192024,0.744460856721,0.755608028335,0.314977973568,0.251082251082,0.30303030303,258.3979463
1130,0.0971874123633,0.105233186437,0.105153972023,0.771418020679,0.745937961595,0.755608028335,0.32349726776,0.252173913043,0.30303030303,260.7661146
1140,0.0970566774536,0.105101963416,0.104970662503,0.772156573117,0.745937961595,0.755608028335,0.327153762268,0.252173913043,0.30303030303,263.3044323
1150,0.0966059968385,0.104728788406,0.10491382923,0.773633677991,0.74741506647,0.75678866588,0.328587075575,0.25974025974,0.308724832215,265.5322881
1160,0.0965390721679,0.104503718257,0.104759989039,0.772895125554,0.74741506647,0.755608028335,0.330794341676,0.25974025974,0.307692307692,267.8707927
1170,0.0963111388497,0.104409361342,0.104701700397,0.771418020679,0.745937961595,0.753246753247,0.327904451683,0.264957264957,0.305647840532,270.0756813
1180,0.0959542507268,0.104220755497,0.104639152999,0.773264401773,0.74741506647,0.75678866588,0.335497835498,0.25974025974,0.308724832215,272.4831881
1190,0.0958444437761,0.10409880423,0.104645509881,0.773633677991,0.74741506647,0.755608028335,0.337297297297,0.25974025974,0.307692307692,274.8698705
1200,0.0952202883089,0.103281276286,0.103261348833,0.77400295421,0.753323485968,0.761511216057,0.353065539112,0.301255230126,0.335526315789,277.1411598
1210,0.0948106457963,0.1029980181,0.102987542235,0.776218611521,0.753323485968,0.760330578512,0.364779874214,0.301255230126,0.343042071197,279.3260198
1220,0.0947109381827,0.103239548142,0.102596135431,0.778064992614,0.750369276219,0.763872491145,0.361317747078,0.292887029289,0.346405228758,281.5675907
1230,0.0942729848723,0.103526231607,0.103235685644,0.776218611521,0.748892171344,0.757969303424,0.360759493671,0.297520661157,0.345047923323,283.8931164
1240,0.0942226203948,0.103575605146,0.103232050441,0.77658788774,0.751846381093,0.75678866588,0.361140443506,0.305785123967,0.339743589744,286.482477
1250,0.0941250221867,0.103661539628,0.103174303629,0.776218611521,0.750369276219,0.755608028335,0.360759493671,0.304526748971,0.334405144695,289.0635665
1260,0.0940560666135,0.103669971135,0.10288713211,0.778064992614,0.753323485968,0.75678866588,0.364021164021,0.307053941909,0.339743589744,291.7905831
1270,0.0939882365429,0.103450911153,0.102526077158,0.777695716396,0.754800590842,0.75678866588,0.362288135593,0.308333333333,0.339743589744,294.0854095
1280,0.094260706301,0.103866014769,0.102968325855,0.77658788774,0.753323485968,0.755608028335,0.355697550586,0.295358649789,0.325732899023,296.6840514
1290,0.0935961573368,0.103210314908,0.102747502918,0.779542097489,0.753323485968,0.754427390791,0.373557187828,0.307053941909,0.329032258065,299.2250374
1300,0.0932491116005,0.102788026676,0.102719310279,0.77917282127,0.753323485968,0.753246753247,0.370526315789,0.307053941909,0.327974276527,301.985899
1310,0.0928542629705,0.102641007259,0.101996314556,0.77917282127,0.753323485968,0.753246753247,0.371848739496,0.307053941909,0.327974276527,304.2819844
1320,0.0925042211419,0.10275125268,0.101920071083,0.780649926145,0.750369276219,0.750885478158,0.376050420168,0.298755186722,0.325878594249,306.6500994
1330,0.0924179106611,0.102571762128,0.101860231177,0.780649926145,0.751846381093,0.753246753247,0.376050420168,0.3,0.327974276527,308.8456546
1340,0.0912469654425,0.101418579324,0.0994734806795,0.780280649926,0.759231905465,0.75678866588,0.37037037037,0.31223628692,0.331168831169,311.2544918
1350,0.0913099747081,0.101352244254,0.0996527296453,0.781388478582,0.759231905465,0.755608028335,0.374207188161,0.31223628692,0.325732899023,313.4251172
1360,0.0909684920097,0.101902176701,0.0994348449979,0.780280649926,0.754800590842,0.754427390791,0.376963350785,0.314049586777,0.341772151899,315.9586978
1370,0.0907616853013,0.101414202835,0.099577146612,0.783604135894,0.756277695716,0.761511216057,0.383157894737,0.320987654321,0.356687898089,318.2818006
1380,0.0904584250908,0.101384828253,0.0996557881919,0.782127031019,0.757754800591,0.759149940968,0.385416666667,0.333333333333,0.354430379747,320.7255792
1390,0.0903783810104,0.10128786409,0.0995533899434,0.782496307238,0.756277695716,0.75678866588,0.385818561001,0.331983805668,0.343949044586,322.9098537
1400,0.0900124789768,0.101268966599,0.0989870806286,0.783604135894,0.762186115214,0.761511216057,0.393374741201,0.342857142857,0.356687898089,325.2915897
1410,0.0897011161628,0.101348515458,0.0988482384397,0.785081240768,0.757754800591,0.762691853601,0.4,0.333333333333,0.365930599369,327.6199437
1420,0.0892664802152,0.100973180759,0.0989140240389,0.786558345643,0.76070901034,0.761511216057,0.406570841889,0.341463414634,0.364779874214,330.0779306
1430,0.0888500674921,0.1009258558,0.0986129372958,0.786189069424,0.76070901034,0.762691853601,0.407369498465,0.341463414634,0.365930599369,332.2635001
1440,0.0888248778323,0.100911887216,0.0985783608447,0.786558345643,0.763663220089,0.762691853601,0.406570841889,0.344262295082,0.365930599369,334.576547
1450,0.0887973323088,0.101011682029,0.0984470826721,0.788774002954,0.762186115214,0.761511216057,0.401673640167,0.331950207469,0.356687898089,336.7448762
1460,0.0883517230484,0.101185290509,0.0988199494773,0.789143279173,0.757754800591,0.759149940968,0.410732714138,0.322314049587,0.366459627329,339.0451339
1470,0.0881734364367,0.100831075899,0.0988471879582,0.788774002954,0.757754800591,0.75678866588,0.41273100616,0.322314049587,0.364197530864,341.225267
1480,0.0878285807247,0.100442349562,0.0991830564929,0.788404726736,0.757754800591,0.75678866588,0.421796165489,0.327868852459,0.368098159509,343.4420463
1490,0.0874957292219,0.0999519842146,0.0993499107725,0.788404726736,0.759231905465,0.761511216057,0.420626895854,0.334693877551,0.38036809816,345.6649576
1500,0.0874137965192,0.100017057241,0.0996936822354,0.790989660266,0.76070901034,0.762691853601,0.424796747967,0.33606557377,0.381538461538,347.8349396
1510,0.087361855972,0.100279055591,0.100914472597,0.78729689808,0.757754800591,0.749704840614,0.449330783939,0.369230769231,0.376470588235,350.0986697
1520,0.0871413229976,0.100229378785,0.0993138965953,0.788404726736,0.76070901034,0.755608028335,0.429850746269,0.341463414634,0.378378378378,352.3714602
1530,0.087168972587,0.100304439459,0.0992796309495,0.789512555391,0.76070901034,0.755608028335,0.43,0.341463414634,0.378378378378,354.7274708
1540,0.0871337516762,0.100225116962,0.0992957717041,0.788774002954,0.76070901034,0.755608028335,0.430278884462,0.341463414634,0.378378378378,357.0432349
1550,0.0867498452331,0.0996832553659,0.0999051055268,0.788404726736,0.76070901034,0.753246753247,0.436578171091,0.352,0.376119402985,359.5556122
1560,0.0867230392331,0.0995451565037,0.0999087258389,0.788404726736,0.76070901034,0.754427390791,0.435467980296,0.352,0.377245508982,361.8126163
1570,0.0868465566916,0.0998682882639,0.099979941944,0.790620384047,0.76070901034,0.75678866588,0.438057482656,0.346774193548,0.383233532934,364.1174613
1580,0.0861452778518,0.0993468177846,0.0992116219277,0.791728212703,0.757754800591,0.753246753247,0.438247011952,0.338709677419,0.372372372372,366.2880724
1590,0.0862101903089,0.0995632802613,0.0999093264352,0.791358936484,0.763663220089,0.754427390791,0.426395939086,0.344262295082,0.35,368.7251162
1600,0.085648101818,0.098337601963,0.0985608422379,0.795420974889,0.757754800591,0.753246753247,0.436991869919,0.322314049587,0.344827586207,371.2162366
1610,0.085449412927,0.0979803332665,0.0984539861378,0.795051698671,0.759231905465,0.75678866588,0.43654822335,0.329218106996,0.348101265823,373.5956442
1620,0.0852469622862,0.0985868932934,0.0991443447753,0.793943870015,0.757754800591,0.755608028335,0.438631790744,0.327868852459,0.359133126935,375.959638
1630,0.0848382824166,0.097694089072,0.0984312428144,0.794313146233,0.759231905465,0.75678866588,0.439073514602,0.334693877551,0.360248447205,378.3787824
1640,0.0848052283467,0.0974254502667,0.0982228241886,0.793943870015,0.759231905465,0.753246753247,0.436363636364,0.329218106996,0.352941176471,380.7431607
1650,0.0846144820664,0.0967194472129,0.0983581611038,0.795790251108,0.762186115214,0.761511216057,0.435137895812,0.337448559671,0.360759493671,383.2399179
1660,0.0844690227447,0.0969365868996,0.0982474573456,0.795790251108,0.757754800591,0.762691853601,0.43628950051,0.322314049587,0.365930599369,385.4504808
1670,0.0840050835738,0.0966144996221,0.097321294124,0.798005908419,0.763663220089,0.766233766234,0.440122824974,0.333333333333,0.365384615385,387.7529839
1680,0.0839134126218,0.0966108936532,0.0974249261206,0.798375184638,0.762186115214,0.765053128689,0.441717791411,0.331950207469,0.364217252396,390.0589325
1690,0.0837470954167,0.0968696731299,0.0970933153494,0.798375184638,0.762186115214,0.765053128689,0.435950413223,0.326359832636,0.360128617363,392.3157044
1700,0.0836249602722,0.0963787734641,0.0969591606174,0.798375184638,0.763663220089,0.763872491145,0.435950413223,0.327731092437,0.358974358974,394.509352
1710,0.0834881674886,0.0959607086323,0.0967991984756,0.798744460857,0.768094534712,0.763872491145,0.438722966014,0.34309623431,0.363057324841,396.7853939
1720,0.0833233890575,0.0951562349866,0.0970100225262,0.799483013294,0.766617429838,0.759149940968,0.452068617558,0.347107438017,0.37037037037,399.0561195
1730,0.0832749646794,0.0948687089277,0.0968307910711,0.797636632201,0.768094534712,0.761511216057,0.447580645161,0.353909465021,0.376543209877,401.313576
1740,0.0833376342864,0.0954030663316,0.0974419269545,0.79246676514,0.765140324963,0.750885478158,0.467803030303,0.3861003861,0.395415472779,403.5610971
1750,0.0829817064975,0.093839703932,0.0967292709564,0.798005908419,0.772525849335,0.762691853601,0.456802383317,0.373983739837,0.385321100917,405.7774068
1760,0.0827491240676,0.0940735774583,0.0964033951789,0.799483013294,0.772525849335,0.762691853601,0.456456456456,0.363636363636,0.377708978328,408.0189572
1770,0.0827232066197,0.0940252189367,0.0963483978343,0.799113737075,0.772525849335,0.760330578512,0.459244532803,0.368852459016,0.375384615385,410.3761899
1780,0.0827064906712,0.0939891840983,0.0964046881871,0.798005908419,0.77400295421,0.759149940968,0.455721393035,0.375510204082,0.378048780488,412.7003772
1790,0.0826244484138,0.0940850048664,0.0963854371898,0.799852289513,0.771048744461,0.760330578512,0.46015936255,0.367346938776,0.375384615385,415.0559294
1800,0.08250312657,0.0941068152005,0.0965538720625,0.799483013294,0.772525849335,0.761511216057,0.457542457542,0.368852459016,0.372670807453,417.2501058
1810,0.0823680077778,0.0940728177157,0.0965652963028,0.797636632201,0.775480059084,0.759149940968,0.465886939571,0.387096774194,0.374233128834,419.5018967
1820,0.0822433288146,0.0939977928905,0.0965556307819,0.798375184638,0.775480059084,0.759149940968,0.46783625731,0.387096774194,0.374233128834,421.6806296
1830,0.0822246967246,0.0939500633421,0.0963795987393,0.798005908419,0.775480059084,0.760330578512,0.465298142717,0.387096774194,0.379204892966,423.893894
1840,0.0821904450438,0.0943482812413,0.0963067545833,0.798744460857,0.771048744461,0.759149940968,0.465161923454,0.367346938776,0.374233128834,426.0949194
1850,0.0819584300832,0.0942180338347,0.0960702924638,0.798005908419,0.771048744461,0.762691853601,0.465298142717,0.377510040161,0.392749244713,428.2679911
1860,0.0812439818187,0.092210322401,0.0952640653628,0.799852289513,0.77400295421,0.759149940968,0.476833976834,0.390438247012,0.385542168675,430.4868177
1870,0.081108615234,0.0917317685387,0.0952417941794,0.80317577548,0.771048744461,0.759149940968,0.487006737247,0.387351778656,0.385542168675,432.6971087
1880,0.0810837294888,0.0917212756087,0.0952178862637,0.80317577548,0.77400295421,0.759149940968,0.487006737247,0.390438247012,0.385542168675,435.173821
1890,0.0808885624285,0.0922233211114,0.0946934402277,0.802806499261,0.766617429838,0.759149940968,0.487523992322,0.377952755906,0.392857142857,437.3611691
1900,0.0808966769471,0.0922492832145,0.0946986545015,0.802806499261,0.766617429838,0.759149940968,0.487523992322,0.377952755906,0.392857142857,439.7729792
1910,0.0808789269774,0.0922181631549,0.0946868422382,0.802806499261,0.768094534712,0.759149940968,0.487523992322,0.379446640316,0.392857142857,442.1525924
1920,0.0818902504418,0.0943067855502,0.0968297708943,0.80059084195,0.763663220089,0.754427390791,0.48275862069,0.370078740157,0.384615384615,444.4793888
1930,0.0806515432872,0.0927300329343,0.0947986909562,0.80059084195,0.765140324963,0.760330578512,0.486692015209,0.381322957198,0.401179941003,446.683348
1940,0.0808570460216,0.0914488811427,0.0955285364834,0.798005908419,0.77400295421,0.761511216057,0.471497584541,0.390438247012,0.402366863905,448.8887767
1950,0.0803609911785,0.0909330624766,0.0942252160914,0.800960118168,0.772525849335,0.762691853601,0.48715509039,0.388888888889,0.396396396396,451.0695592
1960,0.0803390927431,0.0907965955841,0.0941579709011,0.799852289513,0.77400295421,0.763872491145,0.490601503759,0.4,0.40119760479,453.3078063
1970,0.0802855637991,0.0908242347021,0.0941631850075,0.802067946824,0.77400295421,0.762691853601,0.487571701721,0.385542168675,0.392749244713,455.4651339
1980,0.0800662950646,0.0910318575406,0.0943522125608,0.802067946824,0.778434268833,0.761511216057,0.487571701721,0.4,0.387878787879,457.7101852
1990,0.0800399077436,0.0914407797591,0.0948332503441,0.801698670606,0.77400295421,0.761511216057,0.487106017192,0.395256916996,0.39156626506,459.8975962
2000,0.079913295256,0.0914575186064,0.0944883785089,0.804652880355,0.778434268833,0.763872491145,0.481880509305,0.385245901639,0.390243902439,462.1429826
2010,0.0786210487662,0.0881261260039,0.0922268521139,0.805022156573,0.782865583456,0.766233766234,0.498098859316,0.436781609195,0.42774566474,464.2937243
2020,0.0785935460487,0.0885181518797,0.0927228315091,0.80576070901,0.776957163959,0.766233766234,0.510242085661,0.434456928839,0.42774566474,466.5356671
2030,0.0783182571856,0.088377447395,0.0921576694334,0.807237813885,0.784342688331,0.766233766234,0.499040307102,0.438461538462,0.421052631579,468.742186
2040,0.0782952329797,0.0883723969035,0.092141410386,0.807607090103,0.784342688331,0.766233766234,0.501435406699,0.438461538462,0.421052631579,470.9311444
2050,0.078311185225,0.0881844910835,0.0919551604482,0.807237813885,0.785819793205,0.762691853601,0.498076923077,0.43579766537,0.410557184751,473.2816315
2060,0.0778178237705,0.088140060971,0.0920229255949,0.807607090103,0.784342688331,0.765053128689,0.504281636537,0.438461538462,0.423188405797,475.5097969
2070,0.0777834309729,0.0880650570651,0.091799898129,0.806129985229,0.782865583456,0.762691853601,0.504249291785,0.441064638783,0.420749279539,477.7664567
2080,0.0777434170343,0.0880186965595,0.0917455915877,0.806868537666,0.782865583456,0.762691853601,0.506137865911,0.441064638783,0.420749279539,480.0089237
2090,0.0776980618115,0.0879111981441,0.0916976092256,0.809084194978,0.785819793205,0.766233766234,0.512723845429,0.444444444444,0.42774566474,482.2209587
2100,0.0774654591355,0.0888986035663,0.0907817361997,0.809084194978,0.785819793205,0.769775678867,0.532971996387,0.464944649446,0.441260744986,484.3949092
2110,0.0772047761719,0.0885050656296,0.0904561378524,0.812038404727,0.782865583456,0.770956316411,0.531738730451,0.449438202247,0.439306358382,486.6555465
2120,0.0772164503694,0.0888742234576,0.0907667287034,0.810192023634,0.781388478582,0.770956316411,0.526703499079,0.44776119403,0.445714285714,488.9354976
2130,0.0769719721659,0.0880098080141,0.0902111159732,0.81129985229,0.785819793205,0.774498229044,0.529032258065,0.452830188679,0.449567723343,491.4074574
2140,0.0767937808719,0.0880169177769,0.0894573958548,0.809822747415,0.784342688331,0.776859504132,0.523589269195,0.455223880597,0.461538461538,493.5800502
2150,0.0766807791357,0.087739999816,0.0895052465145,0.810561299852,0.779911373708,0.769775678867,0.515580736544,0.429118773946,0.434782608696,495.8901513
2160,0.0764418511303,0.0871577664582,0.0892687268321,0.809822747415,0.784342688331,0.772136953955,0.521819870009,0.44696969697,0.450142450142,498.0687679
2170,0.0762929207829,0.0872038436384,0.0889313007358,0.810930576071,0.778434268833,0.778040141677,0.541218637993,0.460431654676,0.480662983425,500.2906586
2180,0.076064826515,0.0870100353139,0.0884546993665,0.812038404727,0.782865583456,0.780401416765,0.539366515837,0.465454545455,0.477528089888,502.4596276
2190,0.0759613719638,0.0867694801498,0.0885347255428,0.814254062038,0.785819793205,0.775678866588,0.538955087076,0.472727272727,0.463276836158,504.7054086
2200,0.0759345100849,0.0867589176775,0.0885189702481,0.814623338257,0.784342688331,0.776859504132,0.540293040293,0.467153284672,0.467605633803,506.9614974
2210,0.0756028834582,0.0866610704127,0.088168110493,0.815361890694,0.788774002954,0.780401416765,0.537892791128,0.47619047619,0.474576271186,509.4185345
2220,0.0755308494867,0.0865888976562,0.0880851340948,0.816100443131,0.790251107829,0.780401416765,0.538033395176,0.474074074074,0.474576271186,511.7739541
2230,0.0754953464093,0.0866811383681,0.0880764116698,0.815731166913,0.790251107829,0.781582054309,0.537534754402,0.477941176471,0.478873239437,514.1997674
2240,0.0753910718205,0.086485132883,0.087907572984,0.810930576071,0.788774002954,0.779220779221,0.532846715328,0.48,0.484848484848,516.4070128
2250,0.0749418622805,0.086542126528,0.0869131965058,0.811669128508,0.794682422452,0.783943329398,0.538043478261,0.498194945848,0.498630136986,518.7176661
2260,0.0746876383866,0.0859553712589,0.0866585360964,0.812776957164,0.788774002954,0.780401416765,0.538671519563,0.47619047619,0.480446927374,520.9033166
2270,0.0753104836037,0.0868782529284,0.0872526416274,0.810561299852,0.785819793205,0.778040141677,0.530649588289,0.464944649446,0.468926553672,526.4704815
2280,0.074704536733,0.0859813312827,0.0865584015027,0.812776957164,0.78729689808,0.779220779221,0.537830446673,0.470588235294,0.47619047619,530.5687377
2290,0.0746400620663,0.0857882301486,0.0864739903602,0.814254062038,0.78729689808,0.780401416765,0.541476754786,0.470588235294,0.480446927374,533.5721878
2300,0.0747963400491,0.0849650890705,0.0865645386909,0.81129985229,0.784342688331,0.782762691854,0.512869399428,0.4296875,0.468208092486,536.6403374
2310,0.0743405083979,0.0856888613623,0.086855185442,0.810192023634,0.782865583456,0.780401416765,0.517823639775,0.432432432432,0.474576271186,539.1810752
2320,0.0742369988359,0.0855271023182,0.0868685884346,0.810192023634,0.782865583456,0.779220779221,0.516917293233,0.441064638783,0.470254957507,541.9237867
2330,0.0741736004326,0.0854748369014,0.0868945077846,0.810561299852,0.782865583456,0.780401416765,0.517403574788,0.441064638783,0.474576271186,544.2587493
2340,0.0740155954277,0.0856122542186,0.0866418538391,0.810192023634,0.784342688331,0.780401416765,0.517823639775,0.44696969697,0.480446927374,546.8299862
2350,0.0739801453105,0.0856508960183,0.0866353644042,0.810930576071,0.781388478582,0.781582054309,0.520599250936,0.435114503817,0.481792717087,549.3807677
2360,0.0741876504806,0.0857685392444,0.0867509216027,0.812038404727,0.788774002954,0.783943329398,0.5220657277,0.452107279693,0.481586402266,551.7957146
2370,0.0737679673034,0.085637020154,0.0866896579393,0.812407680945,0.785819793205,0.779220779221,0.524344569288,0.444444444444,0.47619047619,554.4306081
2380,0.0739606547701,0.0854305986877,0.0865728435133,0.81129985229,0.78729689808,0.781582054309,0.519285042333,0.450381679389,0.475920679887,556.9448567
2390,0.0737240209563,0.0859172197064,0.0868170905117,0.810192023634,0.78729689808,0.779220779221,0.51872659176,0.454545454545,0.47323943662,559.4156997
2400,0.0731468482203,0.0863395132504,0.0869549645627,0.81129985229,0.784342688331,0.776859504132,0.533333333333,0.459259259259,0.473537604457,562.1378684
2410,0.0728954011224,0.0861605025115,0.0867323224951,0.810930576071,0.784342688331,0.775678866588,0.531135531136,0.463235294118,0.469273743017,565.3677627
2420,0.0731752908993,0.0863573571606,0.0874046137636,0.809453471196,0.784342688331,0.773317591499,0.527472527473,0.459259259259,0.466666666667,567.9969544
2430,0.0727178235724,0.086547366207,0.0869507692162,0.814992614476,0.78729689808,0.770956316411,0.553873552983,0.478260869565,0.467032967033,570.4599853
2440,0.0726075089062,0.0865954725962,0.0871910408435,0.81388478582,0.785819793205,0.767414403778,0.547576301616,0.468864468864,0.454293628809,573.0557644
2450,0.0725306833013,0.0869142392882,0.0867174620724,0.812776957164,0.785819793205,0.770956316411,0.544474393531,0.472727272727,0.467032967033,575.5016621
2460,0.0722737488333,0.0868014767117,0.0870306111313,0.816100443131,0.782865583456,0.773317591499,0.556939501779,0.465454545455,0.481081081081,578.0619585
2470,0.0720804019734,0.0869438241342,0.0853682411489,0.818316100443,0.782865583456,0.778040141677,0.568421052632,0.469314079422,0.494623655914,580.626459
2480,0.0719620181747,0.0868404508823,0.0852347689078,0.817577548006,0.781388478582,0.780401416765,0.568935427574,0.467625899281,0.505319148936,583.448213
2490,0.0720784695378,0.0870020749656,0.0853297238942,0.815731166913,0.781388478582,0.782762691854,0.562664329535,0.467625899281,0.508021390374,586.056265
2500,0.0717557498045,0.0866247454019,0.0852833119444,0.817208271787,0.784342688331,0.782762691854,0.57216940363,0.478571428571,0.515789473684,588.5272053
2510,0.0714113485696,0.086186012907,0.0852946249245,0.818685376662,0.782865583456,0.781582054309,0.577088716624,0.47311827957,0.514435695538,591.3658913
2520,0.0712567973555,0.0861998889207,0.0854148573549,0.81905465288,0.784342688331,0.781582054309,0.573913043478,0.478571428571,0.511873350923,593.9485032
2530,0.0711466103143,0.0854420546361,0.085159507864,0.820531757755,0.784342688331,0.779220779221,0.574430823117,0.478571428571,0.503978779841,596.6849903
2540,0.0711034721578,0.0854211647087,0.0850931278234,0.820531757755,0.782865583456,0.779220779221,0.574430823117,0.47311827957,0.503978779841,599.4214197
2550,0.0710050961225,0.0855261771375,0.0848760020931,0.820901033973,0.782865583456,0.776859504132,0.575678040245,0.47311827957,0.501319261214,602.2566986
2560,0.0708624026475,0.0857032750075,0.0849705733608,0.821270310192,0.781388478582,0.780401416765,0.579861111111,0.475177304965,0.510526315789,604.9094159
2570,0.0707964413453,0.0857561681012,0.0851131482668,0.819793205318,0.781388478582,0.779220779221,0.576388888889,0.478873239437,0.509186351706,607.5276877
2580,0.0706625720065,0.086028851393,0.0852740425417,0.819423929099,0.782865583456,0.781582054309,0.577355229041,0.484210526316,0.516971279373,610.0811546
2590,0.0706243873204,0.0858395706675,0.085286789777,0.822008862629,0.782865583456,0.779220779221,0.583765112263,0.484210526316,0.514285714286,612.6566806
2600,0.0704678299579,0.0857660440746,0.0848757079998,0.820901033973,0.782865583456,0.779220779221,0.576419213974,0.480565371025,0.506596306069,615.2821845
2610,0.0711130861297,0.0863139753487,0.0855492811057,0.819423929099,0.776957163959,0.779220779221,0.578084555651,0.473867595819,0.506596306069,617.7110634
2620,0.0703872549517,0.0853503813219,0.0845986616708,0.822747415066,0.778434268833,0.780401416765,0.578207381371,0.464285714286,0.505319148936,620.3963892
2630,0.0701000882913,0.0843095425331,0.0844655541331,0.824963072378,0.791728212703,0.782762691854,0.578291814947,0.490974729242,0.505376344086,622.9396982
2640,0.0700380486533,0.0847258807763,0.08451690192,0.823485967504,0.78729689808,0.785123966942,0.572450805009,0.482014388489,0.510752688172,625.4464628
2650,0.0699992370759,0.0844112266432,0.08419536521,0.823116691285,0.788774002954,0.785123966942,0.570403587444,0.483754512635,0.508108108108,627.9498384
2660,0.0700066879574,0.0849445666835,0.0842639110854,0.822747415066,0.781388478582,0.780401416765,0.559633027523,0.451851851852,0.489010989011,630.3900203
2670,0.070220418592,0.0847297368872,0.0847420555096,0.821639586411,0.782865583456,0.781582054309,0.551532033426,0.449438202247,0.487534626039,632.9667097
2680,0.0696252885992,0.0845307680814,0.0839531358698,0.826070901034,0.782865583456,0.781582054309,0.571428571429,0.461538461538,0.493150684932,635.9514144
2690,0.0692874566668,0.0845398460263,0.0834185709803,0.824963072378,0.785819793205,0.782762691854,0.566727605119,0.464944649446,0.497267759563,638.9831367
2700,0.0692956138294,0.0844247708028,0.0830923469865,0.825701624815,0.788774002954,0.782762691854,0.569343065693,0.472324723247,0.497267759563,641.5131105
2710,0.0692758222773,0.0846200593942,0.0835611325247,0.824963072378,0.785819793205,0.781582054309,0.569090909091,0.472727272727,0.49591280654,644.4925225
2720,0.0692129790039,0.0843484125616,0.0836722446881,0.824963072378,0.785819793205,0.780401416765,0.569090909091,0.476534296029,0.494565217391,647.0032525
2730,0.0691473594622,0.0842110386668,0.083638216098,0.824963072378,0.78729689808,0.780401416765,0.569872958258,0.478260869565,0.494565217391,650.4351721
2740,0.0694556535645,0.0843519601486,0.0829972295244,0.826440177253,0.781388478582,0.783943329398,0.577338129496,0.463768115942,0.512,653.8992901
2750,0.0690956738805,0.0840307495717,0.083320595766,0.826070901034,0.788774002954,0.780401416765,0.57064721969,0.48,0.494565217391,656.6547358
2760,0.0688474032125,0.0841669580885,0.0837399783261,0.827917282127,0.790251107829,0.781582054309,0.577132486388,0.489208633094,0.49591280654,659.2509907
2770,0.0688400522364,0.084086625856,0.0833243354934,0.82717872969,0.788774002954,0.780401416765,0.574545454545,0.48,0.494565217391,661.7902668
2780,0.0685573996651,0.0837710183181,0.0833760968006,0.826070901034,0.788774002954,0.780401416765,0.574525745257,0.483754512635,0.494565217391,664.2382253
2790,0.0682595122333,0.0836642493675,0.0824170617647,0.826809453471,0.790251107829,0.781582054309,0.574796010879,0.485507246377,0.493150684932,667.1286738
2800,0.0678685951637,0.0833820229282,0.0815926140587,0.82717872969,0.788774002954,0.785123966942,0.583629893238,0.487455197133,0.505434782609,669.8654661
2810,0.0677701128879,0.0831632932747,0.0815349811939,0.825332348597,0.796159527326,0.786304604486,0.580301685892,0.514084507042,0.514745308311,672.7723204
2820,0.067533455302,0.0830950487467,0.0802798408751,0.82717872969,0.791728212703,0.791027154664,0.572212065814,0.487272727273,0.512396694215,675.9782777
2830,0.0673440273906,0.0834428847447,0.0804320629514,0.826070901034,0.78729689808,0.787485242031,0.576057605761,0.474452554745,0.510869565217,678.4697209
2840,0.067337061173,0.0835033536634,0.0804394227802,0.826070901034,0.78729689808,0.786304604486,0.576057605761,0.474452554745,0.509485094851,681.0369284
2850,0.0672923702395,0.0834546217722,0.0803328322692,0.826070901034,0.790251107829,0.786304604486,0.576819407008,0.485507246377,0.509485094851,683.4775491
2860,0.0672375582981,0.0833084338794,0.0799711975622,0.829025110783,0.788774002954,0.787485242031,0.584007187781,0.483754512635,0.516129032258,685.9449166
2870,0.0676236892468,0.0815004157743,0.0796950141333,0.828655834564,0.797636632201,0.793388429752,0.573529411765,0.486891385768,0.517906336088,688.3692352
2880,0.0669659963181,0.0829825314009,0.0806009839041,0.831610044313,0.784342688331,0.787485242031,0.599297012302,0.48951048951,0.52380952381,690.7861922
2890,0.0677889999873,0.0836426284586,0.082150387171,0.828286558346,0.78729689808,0.783943329398,0.612176814012,0.513513513514,0.536708860759,693.2553079
2900,0.0668396099492,0.0822462249877,0.0791322752058,0.830502215657,0.793205317578,0.789846517119,0.590544157003,0.492753623188,0.518918918919,695.7444903
2910,0.0669114973894,0.0816641528473,0.0786276891937,0.829025110783,0.794682422452,0.792207792208,0.585496866607,0.494545454545,0.521739130435,698.2072254
2920,0.0667192960483,0.0818153548641,0.0788022101271,0.829394387001,0.788774002954,0.789846517119,0.5875,0.483754512635,0.518918918919,700.668534
2930,0.0669622148591,0.0825952496973,0.0788945151711,0.82976366322,0.785819793205,0.789846517119,0.585804132974,0.472727272727,0.516304347826,703.1730043
2940,0.0665664068604,0.0818851447888,0.0796173054755,0.82976366322,0.788774002954,0.786304604486,0.592396109637,0.491103202847,0.514745308311,705.565977
2950,0.0665546497007,0.0820372992256,0.0794979357766,0.833456425406,0.790251107829,0.792207792208,0.60542432196,0.492857142857,0.524324324324,708.0993346
2960,0.0663729199625,0.0820994361001,0.0793749084276,0.833456425406,0.784342688331,0.787485242031,0.606800348736,0.485915492958,0.51871657754,710.4743863
2970,0.0665919321076,0.0815273758768,0.0783884546006,0.831610044313,0.785819793205,0.792207792208,0.598591549296,0.483985765125,0.52688172043,712.9437871
2980,0.0662899496918,0.0817515650535,0.0794678620529,0.833825701625,0.785819793205,0.788665879575,0.609375,0.487632508834,0.525198938992,715.4111017
2990,0.0662488044683,0.0814051602708,0.079276350019,0.831979320532,0.78729689808,0.787485242031,0.60537727667,0.496503496503,0.521276595745,717.9255825
