,x,y,target
0,50.63882064819336,-13.390240669250488,0.0
1,53.56239700317383,-19.451608657836914,1.0
2,23.918548583984375,29.412887573242188,0.0
3,-7.678832054138184,-41.47687530517578,1.0
4,58.630367279052734,11.555249214172363,1.0
5,-3.1883153915405273,-51.05364990234375,0.0
6,-39.55511474609375,20.159833908081055,0.0
7,23.978839874267578,29.55696678161621,0.0
8,-8.57577133178711,37.16045379638672,0.0
9,55.77203369140625,-13.661364555358887,0.0
10,8.21506118774414,15.975192070007324,0.0
11,-45.29764938354492,5.595728874206543,0.0
12,0.963927149772644,22.85360336303711,0.0
13,22.1347713470459,58.313941955566406,0.0
14,-19.826576232910156,-42.98335647583008,0.0
15,13.689438819885254,-48.24331283569336,0.0
16,-5.907752990722656,18.833784103393555,0.0
17,-35.77478790283203,19.42136573791504,0.0
18,-39.36239242553711,6.387859344482422,0.0
19,-4.266666889190674,-37.67464065551758,0.0
20,3.327975273132324,-44.98854446411133,0.0
21,-26.381404876708984,-13.849513053894043,1.0
22,58.727020263671875,-14.38056755065918,0.0
23,-9.31033992767334,28.19841766357422,0.0
24,-3.0218422412872314,14.577731132507324,0.0
25,20.472820281982422,-26.630939483642578,0.0
26,-38.159786224365234,19.063823699951172,0.0
27,55.801090240478516,13.686317443847656,0.0
28,5.091735363006592,-31.421430587768555,0.0
29,7.09877872467041,12.359685897827148,0.0
30,-55.14698791503906,7.825267314910889,0.0
31,0.22497229278087616,29.081466674804688,0.0
32,20.108736038208008,23.61008644104004,0.0
33,5.907601356506348,-47.61874008178711,0.0
34,-22.157276153564453,-10.81451416015625,0.0
35,15.032142639160156,-46.50876235961914,1.0
36,-24.65626335144043,-13.832298278808594,0.0
37,52.95360565185547,1.6476054191589355,0.0
38,53.18355178833008,-15.32463264465332,1.0
39,4.407355308532715,-52.57511901855469,1.0
40,24.04050636291504,26.930612564086914,0.0
41,15.566822052001953,-31.68417739868164,1.0
42,26.257490158081055,-6.709392547607422,1.0
43,20.016454696655273,20.49137306213379,0.0
44,1.126118540763855,-36.129695892333984,0.0
45,1.3457341194152832,22.933074951171875,0.0
46,54.156124114990234,-16.899709701538086,0.0
47,-0.263792484998703,32.27140426635742,0.0
48,51.89535140991211,-1.4214472770690918,1.0
49,-6.919406414031982,-29.528152465820312,0.0
50,-54.9700813293457,16.268129348754883,0.0
51,20.00321388244629,-20.120094299316406,1.0
52,-50.592166900634766,21.731571197509766,0.0
53,23.29608917236328,-35.72774887084961,0.0
54,-50.2980842590332,-1.3890315294265747,0.0
55,-2.5255239009857178,-29.571653366088867,1.0
56,16.575727462768555,-50.49591064453125,0.0
57,4.757654666900635,13.486357688903809,0.0
58,25.852956771850586,-7.2828874588012695,1.0
59,-7.155954837799072,27.567489624023438,0.0
60,6.5029826164245605,26.519474029541016,0.0
61,15.944607734680176,32.58171844482422,0.0
62,-11.351218223571777,15.104114532470703,0.0
63,-43.55771255493164,17.298809051513672,0.0
64,55.26360321044922,-13.243695259094238,1.0
65,3.4303808212280273,-54.70777893066406,1.0
66,7.597944259643555,-35.340457916259766,1.0
67,-9.055961608886719,17.807228088378906,0.0
68,1.1911417245864868,-53.560691833496094,1.0
69,-15.962271690368652,-32.70619201660156,1.0
70,-4.4666523933410645,-36.546356201171875,1.0
71,21.02802085876465,24.819522857666016,0.0
72,-54.5747184753418,9.183866500854492,0.0
73,-1.3543282747268677,-30.705921173095703,0.0
74,57.89357376098633,16.815567016601562,0.0
75,1.3485413789749146,21.74810218811035,0.0
76,17.671728134155273,18.940366744995117,0.0
77,-25.49716567993164,-14.633960723876953,1.0
78,2.9976603984832764,-20.372577667236328,1.0
79,-21.631532669067383,-11.486553192138672,1.0
80,19.224374771118164,61.019012451171875,0.0
81,21.71645164489746,30.56219482421875,0.0
82,11.192802429199219,25.78110694885254,0.0
83,-0.9248234629631042,-23.176820755004883,0.0
84,2.141202688217163,28.252670288085938,0.0
85,-48.59822082519531,15.004537582397461,0.0
86,5.223531246185303,28.874797821044922,0.0
87,26.240278244018555,-7.542938232421875,1.0
88,-8.758225440979004,-38.15205001831055,0.0
89,8.395090103149414,9.441206932067871,0.0
90,2.4470269680023193,42.86569595336914,0.0
91,-43.80986404418945,4.015104293823242,0.0
92,-4.427792549133301,-38.40391159057617,0.0
93,-40.696563720703125,20.79714584350586,0.0
94,2.518411636352539,43.084415435791016,0.0
95,-2.062452554702759,-55.419349670410156,0.0
96,54.84996032714844,-14.790172576904297,1.0
97,3.793494462966919,20.102462768554688,0.0
98,-6.576926231384277,-50.79981231689453,0.0
99,-7.003211498260498,19.37190055847168,0.0
100,52.83149337768555,-0.5397066473960876,0.0
101,53.14792251586914,11.386990547180176,1.0
102,-56.44078826904297,4.74957275390625,0.0
103,51.405147552490234,15.598560333251953,0.0
104,52.47107696533203,16.829578399658203,0.0
105,-13.076096534729004,-37.77222442626953,0.0
106,8.282187461853027,-36.77627944946289,1.0
107,2.925530195236206,-33.23834228515625,0.0
108,29.504924774169922,25.68965721130371,0.0
109,-10.295437812805176,-32.96455001831055,1.0
110,7.709576606750488,-52.041778564453125,0.0
111,12.723671913146973,-30.084226608276367,1.0
112,8.622137069702148,-46.67818832397461,0.0
113,-6.257630825042725,17.027145385742188,0.0
114,15.706116676330566,-47.035640716552734,0.0
115,-47.48802185058594,26.2103271484375,0.0
116,-4.146914958953857,-25.37550926208496,0.0
117,-5.053650856018066,-51.463199615478516,0.0
118,26.681537628173828,26.998424530029297,0.0
119,-13.035771369934082,-43.0700569152832,0.0
120,-8.136549949645996,16.243297576904297,0.0
121,4.161613464355469,11.942866325378418,0.0
122,-4.8589558601379395,-30.0554141998291,0.0
123,-10.767964363098145,-47.66083908081055,0.0
124,-21.131126403808594,-11.817023277282715,0.0
125,9.972920417785645,-40.7859992980957,1.0
126,3.6838977336883545,44.63516616821289,0.0
127,8.022314071655273,15.326112747192383,0.0
128,-5.49254035949707,15.573288917541504,0.0
129,-1.8977347612380981,8.692142486572266,0.0
130,12.361593246459961,-23.475587844848633,1.0
131,3.034108877182007,-29.442277908325195,0.0
132,-8.763630867004395,26.02543067932129,0.0
133,18.242454528808594,67.18507385253906,0.0
134,-21.550491333007812,-46.514408111572266,0.0
135,1.2763046026229858,-36.49531173706055,0.0
136,52.05772018432617,2.8036036491394043,1.0
137,3.1237857341766357,32.78512954711914,0.0
138,-49.57324981689453,23.766529083251953,0.0
139,-11.170544624328613,13.978158950805664,0.0
140,16.525421142578125,-26.96854019165039,0.0
141,56.11235809326172,-13.400205612182617,0.0
142,59.34149169921875,-14.598846435546875,0.0
143,0.2638269364833832,-31.85973358154297,0.0
144,-4.896906852722168,17.813396453857422,0.0
145,8.295127868652344,6.447407245635986,0.0
146,26.485198974609375,68.04129028320312,1.0
147,7.59222412109375,11.548368453979492,0.0
148,-1.2889909744262695,-28.136905670166016,1.0
149,4.337716579437256,24.829492568969727,0.0
150,-5.978987693786621,28.582260131835938,0.0
151,-8.972626686096191,25.2391414642334,0.0
152,-1.378169298171997,9.255338668823242,0.0
153,3.0521490573883057,-40.132877349853516,1.0
154,-8.140809059143066,15.632074356079102,1.0
155,55.50700378417969,-22.17870330810547,1.0
156,55.840232849121094,-17.405609130859375,1.0
157,52.75544357299805,-16.448572158813477,0.0
158,-8.132448196411133,37.172935485839844,0.0
159,58.330902099609375,-14.580403327941895,1.0
160,0.7736555337905884,44.0665397644043,0.0
161,-29.328962326049805,-40.943275451660156,0.0
162,26.055313110351562,67.97172546386719,1.0
163,1.4225540161132812,45.780826568603516,0.0
164,55.44137954711914,-19.40961456298828,1.0
165,-17.443422317504883,-34.10883331298828,1.0
166,-43.29994201660156,-1.433318018913269,0.0
167,-4.608521938323975,44.26751708984375,0.0
168,-0.4011259377002716,-53.746944427490234,0.0
169,52.257720947265625,17.587160110473633,0.0
170,-49.51642990112305,20.51783561706543,0.0
171,9.853656768798828,-51.087928771972656,0.0
172,9.211957931518555,10.515564918518066,0.0
173,26.30917739868164,67.59809875488281,1.0
174,-44.29262924194336,5.271027565002441,0.0
175,21.465106964111328,-21.238649368286133,1.0
176,54.62406539916992,-18.84556770324707,1.0
177,54.96084213256836,-6.687267303466797,1.0
178,-14.135149955749512,-28.522727966308594,1.0
179,2.2818479537963867,-20.63701629638672,1.0
180,4.645003318786621,-45.51140594482422,1.0
181,2.3911378383636475,35.10054397583008,0.0
182,6.249231815338135,-49.521080017089844,1.0
183,-9.667014122009277,-31.54163360595703,0.0
184,21.03508949279785,67.86422729492188,1.0
185,20.103328704833984,33.14291763305664,0.0
186,-23.445581436157227,-12.300215721130371,1.0
187,14.807024955749512,25.593807220458984,0.0
188,-25.22182846069336,-12.970115661621094,0.0
189,-0.5904145836830139,31.05565643310547,0.0
190,-47.77132034301758,25.21664810180664,0.0
191,9.969820022583008,20.329029083251953,0.0
192,5.814264297485352,39.519142150878906,0.0
193,-2.6802241802215576,-49.27190017700195,0.0
194,5.0932440757751465,32.304012298583984,0.0
195,-46.88335418701172,16.732126235961914,0.0
196,-0.652622640132904,-23.119871139526367,1.0
197,21.566505432128906,21.659154891967773,0.0
198,-45.362361907958984,17.64280128479004,0.0
199,-1.1344386339187622,-30.524028778076172,1.0
200,0.052299823611974716,-23.694414138793945,0.0
201,-39.91299057006836,22.616432189941406,0.0
202,19.887399673461914,68.32011413574219,1.0
203,-53.967193603515625,8.612527847290039,0.0
204,-9.48556137084961,-43.88406753540039,0.0
205,-2.4251809120178223,-38.62476348876953,1.0
206,-5.403784275054932,-30.382028579711914,0.0
207,17.818349838256836,68.06430053710938,0.0
208,-12.510430335998535,15.798236846923828,0.0
209,1.6119658946990967,-39.669132232666016,1.0
210,-10.4581880569458,-49.01411437988281,0.0
211,-8.21268081665039,37.103614807128906,0.0
212,54.12568664550781,-15.515365600585938,1.0
213,-49.41680145263672,17.879852294921875,0.0
214,19.29241371154785,-23.197662353515625,1.0
215,-0.16771231591701508,43.61736297607422,0.0
216,56.00202560424805,14.418551445007324,0.0
217,52.041255950927734,17.200525283813477,0.0
218,-4.534240245819092,16.315765380859375,0.0
219,-6.511923313140869,-45.7812385559082,1.0
220,51.95188522338867,15.058472633361816,0.0
221,-11.021780014038086,28.475601196289062,0.0
222,-9.276049613952637,-38.07465362548828,0.0
223,-47.44914627075195,17.317440032958984,0.0
224,53.14280319213867,0.6928295493125916,0.0
225,-46.201934814453125,12.518487930297852,0.0
226,-8.289470672607422,-48.88709259033203,0.0
227,54.94774627685547,13.562068939208984,1.0
228,-9.399263381958008,29.8784236907959,0.0
229,-46.362693786621094,-0.5457155704498291,0.0
230,-2.447685480117798,-40.209075927734375,0.0
231,58.44807815551758,-21.378183364868164,1.0
232,52.97867202758789,-21.38583755493164,0.0
233,4.960133075714111,43.49212646484375,0.0
234,-37.703739166259766,7.171273231506348,0.0
235,3.7018496990203857,-32.5823860168457,0.0
236,-57.662132263183594,2.3683829307556152,0.0
237,52.28010940551758,-8.336742401123047,1.0
238,52.45050811767578,-21.904949188232422,1.0
239,-28.71108055114746,-8.457443237304688,0.0
240,-59.94361877441406,6.244039058685303,0.0
241,19.89124870300293,-19.515470504760742,1.0
242,-32.68230438232422,4.5101494789123535,0.0
243,-3.2003426551818848,-28.960302352905273,1.0
244,3.1891512870788574,18.430814743041992,0.0
245,-34.68964767456055,15.51648235321045,0.0
246,-1.5972163677215576,-36.11229705810547,0.0
247,52.25996780395508,-0.4122600555419922,1.0
248,-51.15239334106445,0.9905220866203308,0.0
249,21.53128433227539,59.294830322265625,1.0
250,26.173982620239258,-6.691648960113525,1.0
251,-45.667354583740234,11.377197265625,0.0
252,8.176758766174316,6.465465068817139,0.0
253,17.9564208984375,27.33820343017578,0.0
254,-58.81695556640625,1.809969425201416,0.0
255,54.920372009277344,3.9335978031158447,0.0
256,52.574668884277344,-17.617481231689453,1.0
257,54.085147857666016,-8.331852912902832,1.0
258,-1.6451071500778198,-36.50261688232422,0.0
259,5.7418060302734375,18.211341857910156,0.0
260,-1.8518587350845337,-41.72024917602539,1.0
261,18.619531631469727,67.74048614501953,0.0
262,20.2419490814209,-22.415842056274414,1.0
263,16.563716888427734,33.02723693847656,0.0
264,25.344758987426758,-31.567502975463867,1.0
265,3.267503499984741,42.60515594482422,0.0
266,-49.36616516113281,22.745447158813477,0.0
267,4.709726333618164,44.02712631225586,0.0
268,11.221970558166504,-25.01517105102539,1.0
269,-3.0557456016540527,-55.47016525268555,0.0
270,-35.97297668457031,4.337281703948975,1.0
271,7.164890766143799,2.128894090652466,0.0
272,-27.181838989257812,-8.256509780883789,0.0
273,52.90058517456055,3.405097723007202,1.0
274,3.6281564235687256,15.374719619750977,0.0
275,7.082767486572266,-53.315555572509766,0.0
276,53.0910758972168,13.44215202331543,0.0
277,-37.00544357299805,17.857582092285156,0.0
278,4.771633625030518,28.655433654785156,0.0
279,20.18291473388672,25.746992111206055,0.0
280,53.60789489746094,0.24975724518299103,0.0
281,8.134751319885254,9.073246002197266,0.0
282,-46.14339828491211,26.478490829467773,0.0
283,24.998077392578125,-24.298198699951172,1.0
284,-23.029645919799805,-12.403178215026855,1.0
285,22.935758590698242,59.17408752441406,0.0
286,-5.9608259201049805,26.891464233398438,0.0
287,11.190268516540527,25.803369522094727,0.0
288,-4.617119789123535,-47.92523956298828,0.0
289,-20.52133560180664,-45.41078567504883,0.0
290,7.370795249938965,-48.99690246582031,0.0
291,2.7046642303466797,17.02656364440918,0.0
292,-43.598365783691406,4.819118976593018,0.0
293,-47.116172790527344,1.290677547454834,0.0
294,28.05708885192871,26.459484100341797,0.0
295,51.62904357910156,-8.727740287780762,1.0
296,-6.645795822143555,-49.878440856933594,0.0
297,0.9232604503631592,45.25725173950195,0.0
298,-1.16312575340271,30.4001522064209,0.0
299,-54.83424758911133,4.625870227813721,0.0
300,8.166966438293457,-32.216766357421875,1.0
301,54.45964431762695,15.074627876281738,0.0
302,53.336910247802734,-14.340027809143066,1.0
303,5.529586315155029,12.23149299621582,0.0
304,6.576841831207275,-52.04330062866211,0.0
305,-13.332351684570312,-37.28818130493164,0.0
306,-7.060096263885498,13.098731994628906,0.0
307,17.71668243408203,71.42265319824219,0.0
308,51.75116729736328,-12.826258659362793,1.0
309,-8.407105445861816,-43.56032943725586,0.0
310,20.475370407104492,-21.03920555114746,1.0
311,4.399777412414551,24.600900650024414,0.0
312,-33.39130401611328,3.917734384536743,0.0
313,-26.389202117919922,-41.74608612060547,1.0
314,9.909954071044922,-38.24932861328125,1.0
315,-59.360382080078125,6.097461700439453,1.0
316,7.9488301277160645,12.981424331665039,0.0
317,19.454923629760742,16.916362762451172,0.0
318,26.978120803833008,67.11046600341797,1.0
319,14.260891914367676,-29.25489616394043,0.0
320,-19.868431091308594,-42.54326248168945,0.0
321,9.817498207092285,-38.32218933105469,1.0
322,-7.407985210418701,27.36697769165039,0.0
323,23.903499603271484,-30.642662048339844,1.0
324,-3.1325602531433105,-34.661460876464844,0.0
325,1.488558292388916,-39.713687896728516,0.0
326,-43.924049377441406,1.7720149755477905,0.0
327,-19.096498489379883,-42.922935485839844,0.0
328,-45.46279525756836,25.347673416137695,0.0
329,28.790485382080078,25.407339096069336,0.0
330,-1.1413213014602661,9.969200134277344,0.0
331,12.378814697265625,-38.52881622314453,1.0
332,-11.863044738769531,28.857444763183594,0.0
333,21.641077041625977,-29.509986877441406,0.0
334,-37.50846862792969,19.97910499572754,0.0
335,-20.646711349487305,-39.85184097290039,0.0
336,5.732955455780029,38.9428596496582,0.0
337,-27.385408401489258,-38.07896423339844,0.0
338,24.43172836303711,-31.19228744506836,1.0
339,-28.627574920654297,-12.000699996948242,0.0
340,-4.043921947479248,-35.721866607666016,0.0
341,-51.17115020751953,0.7152171730995178,0.0
342,55.25376892089844,15.13460636138916,0.0
343,25.337121963500977,67.97026824951172,1.0
344,-5.403658390045166,36.41494369506836,0.0
345,-42.459659576416016,2.851442813873291,0.0
346,-37.54674530029297,20.837026596069336,0.0
347,11.022525787353516,-24.639097213745117,1.0
348,21.786649703979492,-25.53077507019043,1.0
349,5.791052341461182,24.07315444946289,0.0
350,22.08921241760254,28.057273864746094,0.0
351,-5.854613780975342,35.41895294189453,0.0
352,-37.75628662109375,3.1148736476898193,0.0
353,20.926040649414062,70.2163314819336,1.0
354,51.648372650146484,0.908715009689331,1.0
355,21.430744171142578,21.412734985351562,0.0
356,0.9489362239837646,28.90921974182129,0.0
357,12.932706832885742,-29.779752731323242,1.0
358,25.591243743896484,-31.38936996459961,1.0
359,56.839088439941406,11.195852279663086,0.0
360,-51.462806701660156,10.680839538574219,0.0
361,-34.66135025024414,2.475130796432495,0.0
362,-18.329809188842773,-45.00849533081055,0.0
363,51.19594955444336,-1.6613240242004395,0.0
364,-50.0899543762207,15.453700065612793,0.0
365,23.9805965423584,25.032001495361328,0.0
366,-21.257625579833984,-10.622895240783691,1.0
367,-44.244384765625,-1.2008589506149292,0.0
368,5.626073837280273,39.29334259033203,0.0
369,1.4173699617385864,42.09648132324219,0.0
370,-47.75921630859375,15.068826675415039,0.0
371,6.895400047302246,-46.26340103149414,0.0
372,19.967809677124023,20.228376388549805,0.0
373,23.027957916259766,-34.67509841918945,1.0
374,-3.9546923637390137,32.43562698364258,0.0
375,14.301942825317383,-49.01137161254883,0.0
376,-11.378657341003418,12.205962181091309,0.0
377,-46.43682861328125,8.183695793151855,0.0
378,6.560966968536377,-48.313907623291016,0.0
379,1.4490077495574951,-20.316619873046875,0.0
380,54.450958251953125,-12.36927604675293,0.0
381,51.02086639404297,0.2241380214691162,0.0
382,-7.548036098480225,-44.2017936706543,1.0
383,-36.700748443603516,19.046152114868164,0.0
384,6.6908464431762695,35.95101547241211,0.0
385,-41.37457275390625,12.773109436035156,0.0
386,-19.97173500061035,-45.274932861328125,1.0
387,-6.820305347442627,39.488590240478516,0.0
388,-2.930507183074951,-54.654937744140625,0.0
389,21.449960708618164,-20.094966888427734,1.0
390,-26.125675201416016,-12.183393478393555,1.0
391,-1.268959641456604,-29.693328857421875,0.0
392,13.849444389343262,26.07660484313965,0.0
393,-54.757080078125,3.180635452270508,0.0
394,-48.87605285644531,22.704837799072266,0.0
395,-43.88108825683594,18.35784149169922,0.0
396,-45.84829330444336,-0.1597457379102707,0.0
397,-12.338903427124023,-35.61001205444336,0.0
398,-29.889921188354492,-40.724639892578125,0.0
399,6.123488903045654,-42.61959457397461,0.0
400,13.436877250671387,-20.887798309326172,1.0
401,-27.565248489379883,-6.692012786865234,0.0
402,7.163609027862549,-47.02169418334961,0.0
403,-44.82734298706055,4.482664585113525,1.0
404,3.9435536861419678,-49.94535827636719,1.0
405,-5.672666549682617,-40.63156509399414,1.0
406,22.557910919189453,-28.758472442626953,1.0
407,-1.1400803327560425,9.376359939575195,0.0
408,10.643499374389648,22.13886260986328,0.0
409,0.6825435757637024,-50.79407501220703,0.0
410,-52.38941192626953,13.467851638793945,0.0
411,-47.20438003540039,17.728927612304688,0.0
412,48.6240234375,2.309051513671875,0.0
413,15.868936538696289,32.5422477722168,0.0
414,8.142359733581543,21.3623046875,0.0
415,55.89900207519531,-18.610431671142578,1.0
416,-39.66585922241211,18.630939483642578,0.0
417,-8.280141830444336,-36.84254455566406,0.0
418,21.006954193115234,-20.594417572021484,1.0
419,22.147878646850586,26.777708053588867,0.0
420,22.75836753845215,60.108367919921875,0.0
421,-39.45066452026367,20.493404388427734,0.0
422,7.623082160949707,33.85212326049805,0.0
423,20.485958099365234,61.702510833740234,0.0
424,12.795318603515625,-48.43617248535156,1.0
425,-3.224993944168091,-47.68571853637695,1.0
426,5.992702960968018,9.461874961853027,0.0
427,5.52152156829834,-22.544015884399414,0.0
428,0.9672622680664062,-28.89215660095215,0.0
429,21.680295944213867,57.95093536376953,0.0
430,20.35223388671875,-24.115942001342773,0.0
431,-4.356575965881348,-30.24184799194336,0.0
432,54.371116638183594,-21.764375686645508,1.0
433,-39.21767044067383,5.95032262802124,0.0
434,1.7765390872955322,10.326828956604004,0.0
435,-4.124829292297363,42.624202728271484,1.0
436,20.64107894897461,22.574321746826172,0.0
437,7.318500995635986,13.981032371520996,0.0
438,3.552199125289917,-36.402225494384766,0.0
439,-11.701004981994629,27.707605361938477,0.0
440,9.396556854248047,34.02576446533203,0.0
441,57.06938934326172,-14.958934783935547,0.0
442,14.061251640319824,20.045883178710938,0.0
443,-15.55838680267334,-35.14533996582031,0.0
444,6.959906101226807,10.858616828918457,0.0
445,-50.48771667480469,24.19535255432129,0.0
446,0.14831723272800446,28.08582305908203,0.0
447,-6.738520622253418,-45.2814826965332,0.0
448,8.587486267089844,34.253116607666016,0.0
449,-5.496463298797607,-30.356563568115234,1.0
450,7.106021881103516,-49.666786193847656,0.0
451,54.57593536376953,-17.261857986450195,1.0
452,4.746176719665527,27.02812957763672,0.0
453,-10.15224838256836,29.927461624145508,0.0
454,10.589929580688477,22.086952209472656,0.0
455,14.852422714233398,27.943683624267578,0.0
456,6.9482293128967285,2.276732921600342,0.0
457,12.565159797668457,-38.17457580566406,1.0
458,1.327947735786438,-25.281354904174805,0.0
459,2.5839247703552246,-29.220943450927734,0.0
460,18.130374908447266,-25.142356872558594,1.0
461,-42.32205581665039,13.71172046661377,0.0
462,-41.73286056518555,19.781347274780273,0.0
463,7.0553741455078125,24.24974822998047,0.0
464,52.938045501708984,2.0264265537261963,1.0
465,3.850118637084961,26.634435653686523,0.0
466,4.424497604370117,30.5557918548584,0.0
467,23.7152099609375,29.306686401367188,0.0
468,53.854774475097656,-14.45213794708252,0.0
469,54.69623565673828,10.13126277923584,0.0
470,-3.6444010734558105,14.225373268127441,0.0
471,-11.4498872756958,-53.138946533203125,0.0
472,2.0807409286499023,18.243061065673828,0.0
473,-15.782076835632324,-34.42557144165039,0.0
474,-3.433169364929199,-49.90144348144531,1.0
475,-50.73893356323242,23.00481414794922,0.0
476,53.60802459716797,-17.133899688720703,1.0
477,-26.036813735961914,-13.325063705444336,0.0
478,21.797704696655273,59.2563362121582,0.0
479,5.203153133392334,-46.41443634033203,0.0
480,-35.34272003173828,4.390251159667969,0.0
481,-59.842098236083984,6.7933244705200195,0.0
482,7.254134654998779,23.398080825805664,0.0
483,3.168248176574707,-44.93405532836914,1.0
484,1.2220536470413208,23.430734634399414,0.0
485,18.03727149963379,-24.19518280029297,1.0
486,-3.5964877605438232,-35.37606430053711,1.0
487,9.121150016784668,8.43373966217041,0.0
488,-61.790252685546875,6.333906173706055,0.0
489,21.86298179626465,60.76792907714844,0.0
490,7.245728969573975,11.999009132385254,0.0
491,15.268059730529785,-50.5162353515625,1.0
492,23.340316772460938,-30.52020263671875,1.0
493,49.34917068481445,3.122098684310913,0.0
494,14.905238151550293,-49.7210578918457,0.0
495,-6.371616840362549,16.896888732910156,0.0
496,3.609705686569214,-31.848777770996094,0.0
497,56.02849197387695,-16.278404235839844,1.0
498,6.754636764526367,2.435767889022827,0.0
499,0.6164712905883789,-20.09145164489746,1.0
500,-45.099403381347656,11.840407371520996,0.0
501,-12.179766654968262,29.754169464111328,0.0
502,5.454345703125,43.004730224609375,0.0
503,0.3846307694911957,-49.23295593261719,0.0
504,-52.561370849609375,14.61002254486084,0.0
505,-6.981696128845215,20.10931968688965,0.0
506,53.554080963134766,-17.850021362304688,1.0
507,-27.514875411987305,-19.26044273376465,0.0
508,-8.168146133422852,34.852203369140625,0.0
509,5.977212429046631,-43.69914627075195,1.0
510,19.853334426879883,18.97907066345215,0.0
511,-5.4624552726745605,-38.7378044128418,1.0
512,-43.76238250732422,4.313000679016113,0.0
513,-47.7807731628418,11.420257568359375,0.0
514,54.968929290771484,-5.9054646492004395,1.0
515,-2.7071757316589355,-55.477516174316406,0.0
516,0.12241431325674057,-56.419803619384766,1.0
517,2.9922008514404297,35.0975341796875,0.0
518,20.15736198425293,18.3339900970459,0.0
519,-28.6483154296875,-12.744485855102539,0.0
520,-55.105751037597656,14.824543952941895,0.0
521,-1.6049848794937134,-54.01873016357422,0.0
522,4.501406669616699,-34.04509353637695,1.0
523,5.949601173400879,32.5408935546875,0.0
524,-11.402173042297363,29.05166244506836,0.0
525,2.2543671131134033,-47.86970520019531,0.0
526,-1.7678208351135254,-29.95412826538086,0.0
527,-4.479834079742432,-48.16839599609375,0.0
528,18.895381927490234,67.40428161621094,0.0
529,0.1380167454481125,-54.076663970947266,0.0
530,8.412564277648926,-36.88074493408203,1.0
531,-43.10554122924805,6.1483869552612305,0.0
532,-40.314048767089844,-1.107334852218628,0.0
533,56.62810516357422,17.230443954467773,0.0
534,-15.10197925567627,-28.883594512939453,1.0
535,2.125054121017456,29.77118492126465,0.0
536,2.6914894580841064,45.172218322753906,0.0
537,-5.212721824645996,44.33354187011719,0.0
538,6.540916442871094,9.012969017028809,0.0
539,-15.05933952331543,-28.959409713745117,1.0
540,-54.670631408691406,3.271998643875122,0.0
541,17.51303482055664,-27.369173049926758,0.0
542,-41.34440612792969,9.31467342376709,0.0
543,-2.9838461875915527,14.378050804138184,0.0
544,-54.27712631225586,15.281991004943848,0.0
545,-3.2919983863830566,-54.8147087097168,0.0
546,-11.99190902709961,-29.099937438964844,1.0
547,3.604512929916382,13.776200294494629,0.0
548,-8.2213716506958,-49.32757568359375,0.0
549,-5.754687309265137,28.070171356201172,0.0
550,-45.65876007080078,-2.3706417083740234,0.0
551,0.41103431582450867,-49.55559158325195,1.0
552,-2.640420913696289,-51.55253601074219,0.0
553,-35.64417266845703,6.789767265319824,0.0
554,-36.85812759399414,1.178432583808899,0.0
555,-45.947357177734375,5.9149250984191895,0.0
556,4.046994209289551,13.819375038146973,0.0
557,-39.03509521484375,21.187734603881836,0.0
558,52.90736389160156,-21.35847282409668,1.0
559,-50.14665985107422,-1.562277913093567,0.0
560,13.879143714904785,24.872867584228516,0.0
561,-7.630578994750977,16.235553741455078,0.0
562,-44.01898193359375,22.83843994140625,0.0
563,-2.780129909515381,-42.44164276123047,1.0
564,55.207725524902344,-18.31488800048828,1.0
565,4.664754390716553,-34.85260772705078,0.0
566,-3.8110814094543457,-32.05812454223633,0.0
567,-8.844058990478516,29.030494689941406,0.0
568,20.8487606048584,70.00555419921875,1.0
569,23.659015655517578,-30.61140251159668,1.0
570,-56.41245651245117,1.8729777336120605,0.0
571,-48.5294075012207,12.907877922058105,0.0
572,6.887213706970215,-51.24399948120117,0.0
573,6.295485973358154,22.364299774169922,0.0
574,18.834753036499023,66.88410949707031,1.0
575,50.12689208984375,0.4339448809623718,0.0
576,1.7324600219726562,-32.2872428894043,0.0
577,-28.90970802307129,-42.70513153076172,0.0
578,17.749420166015625,18.800048828125,0.0
579,11.337007522583008,-21.703458786010742,1.0
580,-6.138894081115723,34.464576721191406,0.0
581,-26.29900550842285,-42.99985122680664,0.0
582,20.157865524291992,25.35773468017578,0.0
583,-25.111234664916992,-44.588653564453125,0.0
584,-0.2855735421180725,43.53749465942383,0.0
585,-44.65974426269531,4.099013328552246,1.0
586,27.703824996948242,24.329469680786133,0.0
587,56.37663269042969,13.805756568908691,0.0
588,-48.994590759277344,-2.0678281784057617,0.0
589,-45.415260314941406,24.156034469604492,0.0
590,-17.76578712463379,-37.471370697021484,0.0
591,-41.694923400878906,17.7636775970459,0.0
592,55.667083740234375,17.615581512451172,0.0
593,28.91594886779785,27.642000198364258,0.0
594,-6.31655216217041,15.88403606414795,0.0
595,-44.21768569946289,6.454524993896484,0.0
596,-1.013405203819275,19.891746520996094,0.0
597,-6.420941352844238,-26.049636840820312,0.0
598,20.31851577758789,61.639892578125,1.0
599,-50.28818893432617,21.649988174438477,0.0
600,-10.195249557495117,-47.37940216064453,0.0
601,-44.658748626708984,10.022671699523926,0.0
602,-9.774345397949219,16.232608795166016,0.0
603,-10.077398300170898,28.086238861083984,0.0
604,3.0003886222839355,33.23297119140625,0.0
605,-0.806189775466919,-56.49333190917969,0.0
606,-1.4108370542526245,34.121986389160156,0.0
607,-51.30204391479492,24.54313087463379,1.0
608,-55.38322830200195,5.29352331161499,0.0
609,55.79962921142578,13.015596389770508,0.0
610,-7.944605827331543,-46.87579345703125,0.0
611,-6.815829277038574,-51.01362228393555,0.0
612,10.307055473327637,15.327996253967285,0.0
613,-4.529292106628418,16.801755905151367,0.0
614,-49.658451080322266,21.709312438964844,0.0
615,4.280086994171143,-45.524620056152344,0.0
616,2.2765512466430664,35.04073715209961,0.0
617,-50.10554122924805,8.97169017791748,0.0
618,7.9778361320495605,15.976668357849121,0.0
619,1.2994654178619385,-25.315092086791992,0.0
620,26.646942138671875,68.07461547851562,1.0
621,50.52914047241211,3.127528429031372,0.0
622,-11.715354919433594,-35.52788543701172,0.0
623,5.965474605560303,2.7626163959503174,0.0
624,-27.622793197631836,-11.783559799194336,1.0
625,53.38858413696289,-22.45355987548828,1.0
626,-3.5887696743011475,28.059600830078125,0.0
627,-3.430619955062866,-36.69213104248047,0.0
628,-43.72769546508789,5.29185152053833,0.0
629,6.220105171203613,-31.240528106689453,1.0
630,-27.864519119262695,-42.26171112060547,0.0
631,-11.792099952697754,28.65563201904297,0.0
632,26.962305068969727,24.516576766967773,0.0
633,2.5725009441375732,-48.11647033691406,0.0
634,7.689465045928955,8.146951675415039,1.0
635,56.96414566040039,12.361285209655762,0.0
636,-18.09175682067871,-43.79359817504883,0.0
637,55.357975006103516,-19.826169967651367,1.0
638,-7.209789752960205,-38.2561149597168,0.0
639,6.339720249176025,25.330495834350586,0.0
640,18.003969192504883,27.336606979370117,0.0
641,-42.71282196044922,4.3808674812316895,0.0
642,21.889616012573242,60.49238204956055,1.0
643,1.6857702732086182,20.175601959228516,0.0
644,26.631925582885742,68.57694244384766,0.0
645,-2.7187564373016357,42.59239196777344,1.0
646,9.263839721679688,-52.00944137573242,1.0
647,-6.106537818908691,34.41373825073242,0.0
648,7.750983715057373,34.3559684753418,0.0
649,3.0406546592712402,16.5218505859375,0.0
650,51.73822021484375,15.081718444824219,0.0
651,-53.08867645263672,15.354036331176758,0.0
652,-2.3943467140197754,-52.89799499511719,0.0
653,52.94458770751953,-14.828691482543945,1.0
654,-20.21550750732422,-42.1065559387207,0.0
655,-39.27822494506836,4.660584449768066,0.0
656,52.95709228515625,-8.09879207611084,1.0
657,-15.252132415771484,-30.983930587768555,0.0
658,-26.4737548828125,-14.501070976257324,0.0
659,0.963100016117096,28.10828399658203,0.0
660,-31.487571716308594,-8.099283218383789,1.0
661,14.315589904785156,-29.83799171447754,1.0
662,2.4326720237731934,43.93806076049805,0.0
663,-18.828645706176758,-38.038818359375,0.0
664,-10.887167930603027,-32.61848831176758,0.0
665,-2.7273805141448975,30.02370262145996,0.0
666,55.315635681152344,14.74687671661377,0.0
667,21.987136840820312,57.678001403808594,0.0
668,-9.146781921386719,-31.067588806152344,0.0
669,19.550615310668945,61.61473846435547,0.0
670,-37.22537612915039,20.43183135986328,0.0
671,-4.8749823570251465,-49.104774475097656,0.0
672,-3.3967995643615723,28.28722381591797,0.0
673,16.56475067138672,-51.10218811035156,1.0
674,-0.11091407388448715,-48.411537170410156,0.0
675,-11.374707221984863,-43.152252197265625,0.0
676,-6.367738246917725,27.68914031982422,0.0
677,54.148956298828125,12.926607131958008,1.0
678,1.2618032693862915,18.698043823242188,0.0
679,28.0137939453125,26.35071563720703,0.0
680,-0.21380995213985443,-53.644535064697266,0.0
681,54.817466735839844,-18.013111114501953,1.0
682,54.40570831298828,-21.46538543701172,1.0
683,17.69916534423828,70.3224105834961,1.0
684,-45.198936462402344,-0.7406938076019287,0.0
685,3.1454927921295166,-40.39459228515625,0.0
686,12.437124252319336,-47.49039840698242,0.0
687,17.906959533691406,-23.907068252563477,1.0
688,26.577049255371094,-29.92793846130371,1.0
689,17.988605499267578,69.68036651611328,1.0
690,10.916138648986816,-39.92393493652344,1.0
691,-2.97760009765625,27.82076072692871,0.0
692,-8.090813636779785,-47.087276458740234,0.0
693,14.751921653747559,-25.79389190673828,0.0
694,19.79815673828125,32.6735954284668,0.0
695,-11.711341857910156,-43.122108459472656,0.0
696,7.283282279968262,-50.61897659301758,1.0
697,-35.23259353637695,7.076160907745361,0.0
698,19.04861068725586,64.6640625,0.0
699,16.055986404418945,65.86910247802734,0.0
700,56.4171257019043,17.81586265563965,0.0
701,-50.91685104370117,24.226436614990234,0.0
702,13.074345588684082,-51.801151275634766,0.0
703,4.539595127105713,-33.03217697143555,1.0
704,-8.455354690551758,39.63536834716797,0.0
705,-11.097307205200195,15.298233985900879,0.0
706,-1.6046147346496582,-36.96048355102539,0.0
707,-5.766845226287842,41.34403610229492,0.0
708,53.267723083496094,1.5894895792007446,0.0
709,-27.43810272216797,-8.19813060760498,0.0
710,19.811315536499023,67.16571044921875,1.0
711,-50.50191879272461,6.115010738372803,1.0
712,-5.406805515289307,36.95122146606445,0.0
713,-1.5554184913635254,-51.8618049621582,0.0
714,-0.5759221911430359,-37.52507781982422,0.0
715,-29.544754028320312,-43.54795455932617,0.0
716,4.107227325439453,35.96516799926758,0.0
717,-8.597671508789062,-29.81868553161621,0.0
718,21.19627571105957,-29.678064346313477,1.0
719,-50.478023529052734,23.932941436767578,0.0
720,-39.87548828125,22.58064079284668,0.0
721,-50.39746856689453,6.405789375305176,1.0
722,-10.016414642333984,-32.28249740600586,0.0
723,-29.550687789916992,-21.1861572265625,0.0
724,14.70744514465332,-30.158323287963867,1.0
725,55.58774185180664,17.954805374145508,0.0
726,7.916317939758301,21.22779083251953,0.0
727,3.443715810775757,-36.08341979980469,1.0
728,50.996009826660156,13.885396957397461,0.0
729,19.6092586517334,69.03812408447266,1.0
730,-1.8110227584838867,-38.3748664855957,0.0
731,2.3766987323760986,18.47909927368164,0.0
732,-28.939990997314453,-41.9072151184082,0.0
733,1.8632911443710327,42.86464309692383,0.0
734,6.214293479919434,27.5960636138916,0.0
735,23.945402145385742,25.1026668548584,0.0
736,-15.704299926757812,-29.97073745727539,0.0
737,-19.01759147644043,-11.970409393310547,0.0
738,18.589384078979492,24.64698600769043,0.0
739,17.98283576965332,-26.808513641357422,0.0
740,-46.383174896240234,23.723283767700195,0.0
741,-56.4517936706543,5.029461860656738,0.0
742,20.902883529663086,68.08165740966797,1.0
743,21.8023681640625,60.92831802368164,1.0
744,-0.15241751074790955,29.294795989990234,0.0
745,51.93918991088867,-21.00237464904785,1.0
746,8.016590118408203,25.204113006591797,0.0
747,13.317564010620117,-20.81668472290039,1.0
748,0.16732890903949738,23.404281616210938,0.0
749,14.703837394714355,23.198545455932617,0.0
750,-50.64106369018555,27.09886932373047,1.0
751,-28.03816032409668,-7.965708255767822,0.0
752,53.64656066894531,0.7890824675559998,0.0
753,12.427201271057129,-23.16156578063965,1.0
754,-21.347625732421875,-11.782525062561035,1.0
755,-34.45345687866211,6.637169361114502,0.0
756,21.73802947998047,-26.536359786987305,0.0
757,-5.853735446929932,42.300537109375,0.0
758,-8.496776580810547,-44.636070251464844,0.0
759,54.38144302368164,14.569548606872559,0.0
760,-22.35709571838379,-9.87812328338623,1.0
761,57.732147216796875,17.081317901611328,0.0
762,2.7462782859802246,34.99623107910156,0.0
763,-22.475793838500977,-42.166770935058594,0.0
764,-6.576301574707031,-40.690673828125,1.0
765,-53.55601119995117,2.7535338401794434,0.0
766,-6.530427932739258,14.010226249694824,0.0
767,6.6570892333984375,21.06281280517578,0.0
768,-14.513675689697266,27.292966842651367,0.0
769,8.6803617477417,-52.59797668457031,0.0
770,3.9756617546081543,-29.649032592773438,1.0
771,-36.5980339050293,17.115514755249023,0.0
772,-38.79039001464844,15.15091609954834,0.0
773,20.719274520874023,-23.25104331970215,1.0
774,-61.3958740234375,6.556610584259033,0.0
775,17.984464645385742,67.17304229736328,1.0
776,21.196189880371094,18.251529693603516,0.0
777,-6.686798095703125,-31.81871795654297,1.0
778,-15.990169525146484,-32.91967010498047,0.0
779,-4.487112998962402,31.538333892822266,0.0
780,23.359874725341797,59.02606201171875,1.0
781,-8.27525806427002,13.406816482543945,0.0
782,8.259279251098633,10.295089721679688,0.0
783,-13.715041160583496,-43.20677947998047,0.0
784,-45.1118049621582,19.40635108947754,0.0
785,-53.753719329833984,10.241317749023438,0.0
786,-51.26948547363281,25.45037269592285,0.0
787,22.88628578186035,-31.317001342773438,1.0
788,54.39334487915039,3.3285861015319824,0.0
789,19.473773956298828,60.373809814453125,0.0
790,-10.340495109558105,-31.533199310302734,1.0
791,-34.57452392578125,5.827988147735596,0.0
792,17.263933181762695,-49.537357330322266,1.0
793,55.750389099121094,5.764740943908691,0.0
794,53.081695556640625,-20.478757858276367,1.0
795,-37.14958572387695,14.74463176727295,0.0
796,-50.88922882080078,13.8763427734375,0.0
797,3.1844630241394043,43.42583084106445,1.0
798,18.887470245361328,-23.861085891723633,1.0
799,15.893097877502441,-48.64485549926758,1.0
800,-51.682247161865234,8.701933860778809,0.0
801,-26.74835777282715,-41.15591812133789,0.0
802,11.075716018676758,-24.85645866394043,1.0
803,19.78081703186035,27.129207611083984,0.0
804,-21.06015968322754,-12.13988208770752,0.0
805,-47.365745544433594,1.5747830867767334,0.0
806,22.894840240478516,24.658201217651367,0.0
807,-1.2404505014419556,-55.33946228027344,0.0
808,-14.625937461853027,-31.049264907836914,0.0
809,58.59501647949219,13.483072280883789,0.0
810,-9.892038345336914,16.88907241821289,0.0
811,2.7591497898101807,45.01386260986328,0.0
812,2.2473342418670654,-20.94668960571289,1.0
813,-57.27944564819336,2.941505193710327,0.0
814,22.18686866760254,-35.10248565673828,0.0
815,53.82859420776367,-16.76458168029785,1.0
816,-46.37845993041992,24.83811378479004,0.0
817,17.828048706054688,-26.32221031188965,0.0
818,-46.056575775146484,11.34329605102539,0.0
819,19.81204605102539,-26.442371368408203,1.0
820,-1.2624313831329346,-35.83070755004883,0.0
821,-58.95082092285156,3.4438893795013428,0.0
822,14.927265167236328,-47.14000701904297,1.0
823,-7.165757656097412,12.747977256774902,0.0
824,-51.803466796875,18.65040397644043,0.0
825,-2.0308613777160645,-30.254383087158203,0.0
826,-48.106449127197266,11.9763765335083,0.0
827,-19.49689483642578,-11.9243803024292,1.0
828,-8.19119644165039,-43.2440299987793,0.0
829,-9.388644218444824,29.195161819458008,0.0
830,5.5893235206604,24.957687377929688,0.0
831,9.376418113708496,10.189196586608887,0.0
832,-58.034942626953125,3.8013930320739746,0.0
833,2.0407865047454834,18.28438377380371,0.0
834,-53.96426010131836,23.080907821655273,0.0
835,-12.866287231445312,-44.722469329833984,0.0
836,-27.675987243652344,-11.579732894897461,1.0
837,0.1003074124455452,-48.00364685058594,0.0
838,-1.1264852285385132,-35.44267654418945,0.0
839,-6.5244140625,16.944913864135742,0.0
840,27.661415100097656,24.18552589416504,0.0
841,53.563026428222656,-19.485300064086914,1.0
842,20.063135147094727,33.001953125,0.0
843,17.006641387939453,66.38033294677734,1.0
844,53.441375732421875,-20.082443237304688,0.0
845,23.65982437133789,29.991718292236328,0.0
846,20.51112937927246,22.586135864257812,0.0
847,26.540607452392578,-30.92884635925293,0.0
848,6.78018856048584,23.662094116210938,1.0
849,20.916183471679688,23.633447647094727,0.0
850,-44.53897476196289,-0.7070553302764893,0.0
851,54.34458541870117,9.72235107421875,0.0
852,-9.720526695251465,-31.141420364379883,0.0
853,-53.50640869140625,14.87948989868164,0.0
854,-40.31553649902344,-1.0320223569869995,0.0
855,-43.61537170410156,1.8086081743240356,0.0
856,52.59808349609375,3.866983413696289,1.0
857,-48.89106369018555,16.2006778717041,0.0
858,18.754863739013672,17.850248336791992,0.0
859,25.764192581176758,67.76615142822266,1.0
860,9.435179710388184,-37.870601654052734,1.0
861,-53.50995635986328,13.497292518615723,0.0
862,1.234598159790039,-53.50749588012695,0.0
863,16.806745529174805,67.02496337890625,1.0
864,22.755128860473633,-30.52872657775879,1.0
865,2.094458818435669,-38.09905242919922,0.0
866,-51.72624206542969,25.489248275756836,0.0
867,2.059110164642334,30.406553268432617,0.0
868,4.133580207824707,-30.263551712036133,0.0
869,13.353261947631836,-28.964107513427734,1.0
870,25.544424057006836,68.37934112548828,1.0
871,-7.472803115844727,-30.610628128051758,1.0
872,25.448802947998047,67.46823120117188,1.0
873,17.814477920532227,-24.39737892150879,0.0
874,-27.256027221679688,-11.272008895874023,0.0
875,4.714189529418945,10.766380310058594,1.0
876,-51.35416030883789,10.236559867858887,0.0
877,-4.51007080078125,-30.508987426757812,1.0
878,-10.971564292907715,-28.751813888549805,1.0
879,11.502962112426758,-40.075523376464844,1.0
880,5.639220714569092,-22.452131271362305,0.0
881,51.45408248901367,2.4422359466552734,1.0
882,-9.567846298217773,-28.638771057128906,1.0
883,-42.30032730102539,10.626422882080078,0.0
884,59.5949821472168,-15.581318855285645,1.0
885,-5.687066555023193,-43.9317626953125,0.0
886,-20.348705291748047,-39.31010055541992,0.0
887,-10.556292533874512,-45.84236145019531,1.0
888,-20.010637283325195,-40.176841735839844,0.0
889,-35.65937042236328,4.223694801330566,0.0
890,-50.016357421875,9.746267318725586,0.0
891,-12.382100105285645,15.550993919372559,0.0
892,52.15961837768555,15.557890892028809,0.0
893,11.043176651000977,13.833489418029785,0.0
894,-48.5772590637207,26.11176109313965,0.0
895,-7.58707857131958,-41.511287689208984,0.0
896,5.932039260864258,30.43800163269043,0.0
897,56.14922332763672,-20.314023971557617,0.0
898,0.00785592570900917,-33.73447799682617,1.0
899,52.37749099731445,-6.688659191131592,1.0
900,-38.9781608581543,22.383529663085938,0.0
901,17.48280143737793,69.48515319824219,0.0
902,-7.73760986328125,15.473827362060547,0.0
903,53.4257698059082,-16.140625,1.0
904,15.959421157836914,-50.78630828857422,1.0
905,-45.48876190185547,13.91073989868164,0.0
906,10.030003547668457,23.01461410522461,0.0
907,-16.666828155517578,-32.09456253051758,0.0
908,26.245935440063477,67.79056549072266,1.0
909,-38.46744918823242,9.749910354614258,0.0
910,-50.48465347290039,17.524240493774414,0.0
911,5.748080253601074,-36.531883239746094,0.0
912,-0.8197833299636841,20.32339096069336,0.0
913,-8.719369888305664,17.278581619262695,0.0
914,-0.8181002140045166,-56.490272521972656,0.0
915,53.81464385986328,14.688563346862793,1.0
916,-59.41676712036133,5.150374412536621,0.0
917,19.490877151489258,68.49853515625,1.0
918,20.023433685302734,27.855384826660156,0.0
919,16.11040687561035,65.83348083496094,0.0
920,12.841373443603516,-47.79052734375,1.0
921,-6.658255100250244,26.6236515045166,0.0
922,21.394514083862305,58.404476165771484,0.0
923,-5.083669185638428,42.32705307006836,1.0
924,7.3772664070129395,22.585176467895508,0.0
925,-13.324906349182129,-37.18585205078125,0.0
926,-46.876739501953125,19.12737274169922,0.0
927,13.891948699951172,-50.529544830322266,1.0
928,3.7056362628936768,-33.1147346496582,0.0
929,5.192346572875977,12.92924976348877,0.0
930,3.0770137310028076,9.384035110473633,0.0
931,12.834829330444336,-46.88318634033203,1.0
932,-50.50414276123047,23.128925323486328,0.0
933,-8.095521926879883,-39.65131759643555,0.0
934,-36.5972785949707,1.4826527833938599,0.0
935,3.689622640609741,-53.28238296508789,0.0
936,19.740848541259766,17.980220794677734,0.0
937,13.945589065551758,-20.738523483276367,1.0
938,-21.514446258544922,-12.385494232177734,0.0
939,26.360469818115234,-7.608129501342773,1.0
940,6.635425567626953,-32.289894104003906,1.0
941,-49.19059371948242,8.934554100036621,0.0
942,-4.174315452575684,25.6340389251709,0.0
943,20.65351104736328,-26.9735107421875,1.0
944,-18.43760108947754,-37.679622650146484,0.0
945,-9.301538467407227,29.347843170166016,0.0
946,-4.734547138214111,25.03807830810547,0.0
947,57.845008850097656,12.865996360778809,0.0
948,-26.437374114990234,-15.409841537475586,0.0
949,-45.7600212097168,-1.259313941001892,0.0
950,-38.83086395263672,20.376598358154297,0.0
951,-36.59825897216797,2.1195101737976074,0.0
952,5.674842357635498,16.958581924438477,0.0
953,-1.6133769750595093,-53.96503448486328,0.0
954,-29.910802841186523,-43.929351806640625,0.0
955,-45.356693267822266,19.179141998291016,0.0
956,22.78652572631836,23.51703453063965,0.0
957,-27.115577697753906,-41.70677947998047,0.0
958,11.87702465057373,-46.07052230834961,1.0
959,-14.491351127624512,-30.373655319213867,0.0
960,7.64132833480835,18.541343688964844,0.0
961,7.094396591186523,21.978422164916992,0.0
962,23.449434280395508,28.67257308959961,0.0
963,58.312320709228516,-21.430980682373047,1.0
964,17.39789581298828,67.5704116821289,1.0
965,16.258716583251953,-27.009044647216797,0.0
966,52.03362274169922,-14.049477577209473,1.0
967,-44.42201232910156,6.660000324249268,0.0
968,-25.520708084106445,-13.932544708251953,0.0
969,14.401058197021484,-22.140531539916992,1.0
970,52.88106155395508,16.792089462280273,0.0
971,-25.594804763793945,-12.169577598571777,0.0
972,-47.97281265258789,14.950721740722656,0.0
973,29.054576873779297,25.532930374145508,0.0
974,-44.7083854675293,16.11939811706543,0.0
975,12.943937301635742,-51.91278076171875,1.0
976,6.276584625244141,30.52404022216797,0.0
977,22.66016960144043,27.91949462890625,0.0
978,-34.66073226928711,15.397950172424316,0.0
979,16.949317932128906,25.50948143005371,0.0
980,10.422717094421387,22.269628524780273,0.0
981,7.089198589324951,-46.6846809387207,0.0
982,48.73220443725586,0.6377537250518799,1.0
983,-3.476060390472412,26.016305923461914,0.0
984,17.3437557220459,-28.05152702331543,1.0
985,-8.304525375366211,28.650325775146484,0.0
986,6.386017799377441,23.291778564453125,0.0
987,57.46958923339844,-18.699199676513672,1.0
988,53.31856155395508,1.0823545455932617,0.0
989,-8.42099380493164,13.120251655578613,0.0
990,-46.02294158935547,14.061113357543945,0.0
991,-10.861449241638184,-36.167415618896484,0.0
992,2.6832823753356934,-48.340843200683594,1.0
993,52.469181060791016,1.7945070266723633,1.0
994,-48.18201446533203,14.857858657836914,0.0
995,3.156965494155884,43.706172943115234,0.0
996,-37.52911376953125,4.987601280212402,0.0
997,20.606786727905273,-22.4683895111084,1.0
998,-19.479061126708984,-43.43741989135742,0.0
999,-45.68049621582031,17.175230026245117,0.0
1000,-10.639851570129395,13.452045440673828,0.0
1001,-12.188096046447754,-35.19673156738281,0.0
1002,-43.72847366333008,12.768824577331543,0.0
1003,-1.1903667449951172,-23.344348907470703,0.0
1004,-8.339853286743164,-42.75713348388672,0.0
1005,-5.643955707550049,-47.064632415771484,1.0
1006,17.562116622924805,70.53319549560547,1.0
1007,-55.89958953857422,1.1187571287155151,0.0
1008,-9.376341819763184,-31.776525497436523,0.0
1009,-28.875377655029297,-21.1032657623291,0.0
1010,4.55681037902832,24.019227981567383,0.0
1011,20.188159942626953,-28.110416412353516,1.0
1012,51.564247131347656,2.39258074760437,0.0
1013,3.274972677230835,12.753636360168457,0.0
1014,-2.667997121810913,26.117040634155273,0.0
1015,-49.722660064697266,21.766660690307617,0.0
1016,-8.88829231262207,-48.44535446166992,0.0
1017,26.421119689941406,-7.804934978485107,1.0
1018,52.75345993041992,2.2282979488372803,0.0
1019,13.974084854125977,-47.46101760864258,0.0
1020,47.78342819213867,1.9170351028442383,0.0
1021,17.438983917236328,-27.143226623535156,0.0
1022,1.2850289344787598,46.27021026611328,0.0
1023,53.83026885986328,10.707255363464355,0.0
1024,-6.971001148223877,19.40996742248535,0.0
1025,21.10749053955078,67.88396453857422,0.0
1026,2.6109418869018555,-55.07297897338867,0.0
1027,-45.10380554199219,12.94978141784668,0.0
1028,56.43009567260742,17.748376846313477,0.0
1029,12.442523956298828,-48.406070709228516,0.0
1030,-26.24540138244629,-43.94605255126953,0.0
1031,-11.714261054992676,14.255233764648438,0.0
1032,53.76340866088867,-21.939435958862305,1.0
1033,52.745521545410156,-16.718183517456055,1.0
1034,21.673133850097656,-26.98752212524414,1.0
1035,-7.415472984313965,-41.79097366333008,0.0
1036,-16.749101638793945,-33.73614501953125,0.0
1037,5.360307693481445,-42.641536712646484,0.0
1038,8.090185165405273,5.417981147766113,0.0
1039,-5.015686511993408,-52.11646270751953,0.0
1040,-47.82844924926758,3.018463134765625,0.0
1041,-1.0145304203033447,-47.705379486083984,0.0
1042,3.59218430519104,21.121950149536133,0.0
1043,-4.838649272918701,15.044129371643066,0.0
1044,-1.9500657320022583,27.951507568359375,0.0
1045,25.761028289794922,63.016780853271484,1.0
1046,20.178668975830078,25.67304039001465,0.0
1047,9.333619117736816,10.34274959564209,0.0
1048,-56.91205978393555,1.808631181716919,0.0
1049,3.880408763885498,26.120315551757812,0.0
1050,-28.44688606262207,-12.674059867858887,1.0
1051,-12.603137969970703,-29.84292221069336,0.0
1052,19.500473022460938,-19.899078369140625,0.0
1053,57.29452896118164,-19.39850425720215,1.0
1054,-27.192434310913086,-15.554021835327148,1.0
1055,0.8272956013679504,-39.486873626708984,0.0
1056,-3.8989510536193848,44.51796340942383,1.0
1057,-10.279580116271973,-32.03562545776367,0.0
1058,-43.729557037353516,16.011629104614258,0.0
1059,26.285490036010742,66.3121337890625,1.0
1060,-4.571583271026611,-37.95800018310547,1.0
1061,-51.789886474609375,10.879899024963379,0.0
1062,17.13691520690918,26.312114715576172,0.0
1063,5.622088432312012,8.622901916503906,0.0
1064,2.2277886867523193,46.08068084716797,0.0
1065,7.913610458374023,9.253854751586914,0.0
1066,6.960433483123779,25.470815658569336,0.0
1067,-4.217743396759033,-48.641258239746094,1.0
1068,3.9916634559631348,-45.60311508178711,0.0
1069,-21.796119689941406,-11.938146591186523,1.0
1070,-27.65328025817871,-19.522069931030273,0.0
1071,12.032876968383789,-19.761859893798828,1.0
1072,-9.578222274780273,-48.8313102722168,0.0
1073,-10.847464561462402,-34.34294891357422,1.0
1074,-54.59309387207031,12.231162071228027,0.0
1075,21.931617736816406,-27.69422149658203,1.0
1076,-39.105953216552734,16.91101837158203,0.0
1077,-27.802183151245117,-43.41089630126953,0.0
1078,52.897010803222656,-15.81263542175293,0.0
1079,15.525367736816406,-51.26626968383789,1.0
1080,-58.25421142578125,3.484497547149658,1.0
1081,20.18331527709961,-23.039278030395508,1.0
1082,54.72431564331055,-0.6114884614944458,0.0
1083,-5.157720565795898,26.723812103271484,0.0
1084,18.571155548095703,24.51166534423828,0.0
1085,-50.674495697021484,16.088207244873047,0.0
1086,-41.35831069946289,9.061711311340332,0.0
1087,-41.30512237548828,9.137245178222656,0.0
1088,-41.311885833740234,16.810522079467773,0.0
1089,-4.59112024307251,-29.943178176879883,0.0
1090,-57.59368133544922,3.0798823833465576,0.0
1091,6.864940166473389,26.186344146728516,0.0
1092,-59.09137725830078,4.016403675079346,1.0
1093,23.10611343383789,24.6369686126709,0.0
1094,-2.0597736835479736,8.548633575439453,0.0
1095,11.273843765258789,14.342324256896973,0.0
1096,-28.700016021728516,-41.59046173095703,0.0
1097,-3.8714523315429688,42.940284729003906,0.0
1098,-53.89264678955078,23.154525756835938,0.0
1099,20.699892044067383,-31.5997371673584,1.0
1100,5.281265735626221,8.382855415344238,0.0
1101,20.68065071105957,-27.326135635375977,0.0
1102,-8.3069486618042,33.45911407470703,0.0
1103,-28.37403678894043,-41.55143737792969,0.0
1104,14.987091064453125,-22.40928077697754,1.0
1105,-6.349183082580566,-50.417877197265625,1.0
1106,-39.29108428955078,4.7772440910339355,0.0
1107,58.40497589111328,-18.838756561279297,0.0
1108,-4.006639003753662,13.03955364227295,0.0
1109,-12.773384094238281,-44.89631652832031,0.0
1110,-48.38337707519531,9.33757209777832,0.0
1111,54.065189361572266,-19.41139030456543,1.0
1112,-1.3197166919708252,-28.259145736694336,1.0
1113,-11.756731033325195,-34.20103454589844,1.0
1114,6.619312286376953,-47.26021194458008,0.0
1115,-4.299123287200928,-40.679832458496094,0.0
1116,19.03959083557129,18.382753372192383,0.0
1117,21.37806510925293,24.19352912902832,0.0
1118,14.925492286682129,26.919525146484375,0.0
1119,-39.31513214111328,16.199506759643555,0.0
1120,19.355266571044922,19.27770233154297,0.0
1121,-2.9667725563049316,-39.13802719116211,0.0
1122,-2.752166509628296,25.956775665283203,0.0
1123,-41.28521728515625,9.988489151000977,0.0
1124,24.079111099243164,67.62422180175781,1.0
1125,22.10875129699707,-22.514188766479492,1.0
1126,18.7833194732666,18.870975494384766,0.0
1127,-29.213809967041016,-21.03298568725586,0.0
1128,18.78536605834961,61.689022064208984,0.0
1129,25.831186294555664,62.89860916137695,0.0
1130,-6.648431301116943,-31.6387996673584,0.0
1131,-60.88694763183594,5.893300533294678,0.0
1132,-51.2043342590332,8.459507942199707,0.0
1133,4.940016746520996,43.392578125,0.0
1134,53.78976821899414,-1.3881702423095703,0.0
1135,-38.385154724121094,9.62057876586914,0.0
1136,7.066486835479736,-46.081565856933594,0.0
1137,53.48627853393555,2.395155668258667,0.0
1138,14.944738388061523,-22.1927547454834,1.0
1139,52.939998626708984,-12.73713207244873,0.0
1140,-45.13840866088867,-0.35590308904647827,0.0
1141,22.7578182220459,-24.982547760009766,1.0
1142,21.62421417236328,58.23813247680664,0.0
1143,-41.61978530883789,3.9302773475646973,1.0
1144,4.403352737426758,-37.68107223510742,1.0
1145,18.24729347229004,69.03997802734375,0.0
1146,11.592156410217285,-25.54727554321289,0.0
1147,23.4582576751709,31.286365509033203,0.0
1148,-8.084197998046875,16.883594512939453,0.0
1149,-36.80577850341797,19.113313674926758,0.0
1150,-0.7723451256752014,-27.561044692993164,1.0
1151,7.976475238800049,22.7246150970459,0.0
1152,-1.1553642749786377,-38.817142486572266,1.0
1153,-4.19907808303833,34.336158752441406,0.0
1154,1.514717936515808,19.878934860229492,0.0
1155,19.77112579345703,61.85643005371094,0.0
1156,-48.70442581176758,17.64023208618164,0.0
1157,-37.14777374267578,0.9226312637329102,0.0
1158,-49.219913482666016,-1.788161039352417,0.0
1159,-17.537939071655273,-37.57471466064453,0.0
1160,-45.87358474731445,25.971057891845703,1.0
1161,20.96912956237793,27.027217864990234,0.0
1162,18.29401397705078,23.127470016479492,0.0
1163,2.483177661895752,-48.3709831237793,0.0
1164,1.0174612998962402,-20.15159034729004,1.0
1165,0.26053738594055176,-35.18126678466797,0.0
1166,-7.919596195220947,33.258811950683594,0.0
1167,-49.21533203125,9.622036933898926,0.0
1168,-8.66528034210205,-43.8327751159668,0.0
1169,3.82403826713562,-49.27474594116211,0.0
1170,-27.43864631652832,-11.083730697631836,0.0
1171,55.46692657470703,11.31684398651123,0.0
1172,-1.6840757131576538,34.249534606933594,0.0
1173,28.011333465576172,26.940444946289062,0.0
1174,11.568268775939941,-24.42812156677246,1.0
1175,18.22633171081543,69.99259185791016,1.0
1176,-28.812644958496094,-44.06096267700195,0.0
1177,-61.081626892089844,7.753183364868164,0.0
1178,56.983089447021484,-19.351369857788086,1.0
1179,-4.7330322265625,-38.6124267578125,0.0
1180,14.318373680114746,23.273462295532227,0.0
1181,-3.552607774734497,34.51811981201172,0.0
1182,1.986012578010559,10.19037914276123,0.0
1183,-6.285429954528809,34.19505310058594,0.0
1184,1.4396119117736816,-33.969932556152344,1.0
1185,-61.197975158691406,5.459761142730713,0.0
1186,17.167055130004883,26.12588119506836,0.0
1187,8.254693031311035,18.17990493774414,0.0
1188,52.10368347167969,-13.348973274230957,0.0
1189,-36.73268127441406,15.491348266601562,0.0
1190,1.3420377969741821,23.692880630493164,0.0
1191,-22.242137908935547,-44.40315246582031,0.0
1192,7.25376558303833,5.636523246765137,0.0
1193,28.21916389465332,27.562223434448242,0.0
1194,20.35360336303711,64.99948120117188,0.0
1195,-43.077842712402344,10.294469833374023,0.0
1196,56.56325149536133,-17.9393367767334,1.0
1197,27.909523010253906,24.951904296875,0.0
1198,-44.45177459716797,15.076423645019531,0.0
1199,-10.980565071105957,-30.099842071533203,0.0
1200,-27.405181884765625,-5.390756130218506,0.0
1201,-0.7548938989639282,9.135622024536133,0.0
1202,-3.7776925563812256,-50.00290298461914,0.0
1203,-61.04032897949219,5.577606201171875,1.0
1204,3.0303995609283447,-37.27497863769531,0.0
1205,7.632059097290039,10.920597076416016,0.0
1206,53.867652893066406,2.0482876300811768,1.0
1207,-45.26044845581055,14.372781753540039,0.0
1208,-45.36289978027344,2.9133219718933105,0.0
1209,12.455711364746094,-21.38485336303711,1.0
1210,1.1756505966186523,-47.4925537109375,1.0
1211,-4.500185966491699,-52.642173767089844,0.0
1212,9.634540557861328,26.91850471496582,0.0
1213,-61.005924224853516,7.328674793243408,0.0
1214,-6.201204776763916,26.989381790161133,0.0
1215,5.045042037963867,-31.79425621032715,0.0
1216,-44.99566650390625,12.294858932495117,0.0
1217,57.60762023925781,16.222675323486328,0.0
1218,1.866442322731018,33.76218795776367,0.0
1219,-19.858469009399414,-38.72000503540039,0.0
1220,52.61064529418945,17.794384002685547,0.0
1221,20.778335571289062,68.92274475097656,1.0
1222,-2.1929690837860107,-22.562793731689453,0.0
1223,-35.207313537597656,7.582967758178711,0.0
1224,-57.451358795166016,4.731125831604004,0.0
1225,5.005903720855713,29.015958786010742,0.0
1226,-24.503305435180664,-15.25825023651123,0.0
1227,-36.55863571166992,15.72071647644043,0.0
1228,2.8793184757232666,-38.51591491699219,1.0
1229,-2.8258473873138428,-49.865779876708984,0.0
1230,9.84538745880127,20.349578857421875,0.0
1231,2.839634895324707,42.86366653442383,0.0
1232,-11.391461372375488,14.725979804992676,0.0
1233,6.578655242919922,-41.9802131652832,0.0
1234,1.6402424573898315,18.215442657470703,0.0
1235,54.73865509033203,-23.580106735229492,0.0
1236,7.282302379608154,33.274845123291016,0.0
1237,-28.509185791015625,-43.16782760620117,0.0
1238,54.72477722167969,-20.500595092773438,0.0
1239,18.330997467041016,25.876066207885742,0.0
1240,-5.5450544357299805,15.490530014038086,0.0
1241,19.759634017944336,68.4698486328125,0.0
1242,-26.809465408325195,-7.661861896514893,1.0
1243,-13.05854320526123,-43.65241622924805,1.0
1244,-35.66392135620117,2.872187614440918,0.0
1245,9.298565864562988,14.913765907287598,0.0
1246,3.012345314025879,9.476222038269043,0.0
1247,52.69990158081055,-13.32507610321045,1.0
1248,11.347593307495117,-40.02392578125,1.0
1249,-42.982749938964844,4.453792572021484,0.0
1250,50.997047424316406,-9.303753852844238,1.0
1251,18.651397705078125,-21.384864807128906,1.0
1252,23.232454299926758,-29.776952743530273,0.0
1253,-35.028324127197266,6.960641860961914,0.0
1254,-6.8093953132629395,15.03073501586914,0.0
1255,3.074212074279785,-39.89927291870117,0.0
1256,-5.115589141845703,41.48429870605469,0.0
1257,-46.2857666015625,15.538676261901855,0.0
1258,-50.88888931274414,12.958209037780762,0.0
1259,57.86845397949219,12.701333045959473,0.0
1260,-13.050098419189453,-43.411380767822266,0.0
1261,-26.48504638671875,-37.81705093383789,0.0
1262,20.86204719543457,59.41016387939453,0.0
1263,6.540058135986328,24.739892959594727,0.0
1264,-51.94240188598633,19.758039474487305,0.0
1265,25.771968841552734,-7.310144424438477,1.0
1266,-7.112815856933594,-50.95878219604492,0.0
1267,10.529632568359375,22.849166870117188,0.0
1268,27.770559310913086,25.197187423706055,0.0
1269,52.531768798828125,-14.380388259887695,0.0
1270,-4.423874378204346,31.589698791503906,0.0
1271,2.905000925064087,-39.91602325439453,0.0
1272,-4.383472919464111,-50.42525100708008,0.0
1273,1.935374140739441,-28.90400505065918,0.0
1274,21.66680145263672,57.693363189697266,0.0
1275,12.508973121643066,-26.330524444580078,0.0
1276,26.600961685180664,-7.7600202560424805,1.0
1277,-0.6908999681472778,-38.00238800048828,1.0
1278,-4.681591510772705,41.63866424560547,1.0
1279,-22.36213493347168,-46.24412155151367,1.0
1280,9.147153854370117,34.002098083496094,0.0
1281,52.00996017456055,-18.800329208374023,1.0
1282,-53.08121871948242,9.259954452514648,0.0
1283,8.853126525878906,10.884990692138672,0.0
1284,4.76047420501709,31.597274780273438,0.0
1285,27.832592010498047,28.268444061279297,0.0
1286,-4.32988977432251,-30.902950286865234,0.0
1287,-7.081063747406006,38.32691955566406,0.0
1288,-56.00086212158203,5.0172014236450195,0.0
1289,8.295045852661133,34.2001838684082,0.0
1290,-14.937134742736816,-35.748470306396484,0.0
1291,-59.189273834228516,1.2886383533477783,0.0
1292,56.82244110107422,17.562850952148438,0.0
1293,-5.843656539916992,14.31347370147705,0.0
1294,21.61541748046875,-21.142236709594727,1.0
1295,3.607381820678711,33.273765563964844,0.0
1296,-28.249927520751953,-43.914764404296875,1.0
1297,-44.77717590332031,6.1490678787231445,0.0
1298,-55.4730224609375,4.051344394683838,0.0
1299,-24.015718460083008,-15.156451225280762,0.0
1300,-12.105514526367188,-34.35280990600586,0.0
1301,-0.9162965416908264,-48.24448013305664,0.0
1302,-38.76130294799805,18.11429214477539,0.0
1303,16.713199615478516,68.02007293701172,1.0
1304,11.185076713562012,25.262331008911133,0.0
1305,18.699878692626953,31.424034118652344,0.0
1306,15.41402816772461,27.630878448486328,0.0
1307,-11.775534629821777,28.49585723876953,0.0
1308,-7.851003170013428,-47.89159393310547,0.0
1309,7.457233428955078,-49.94559097290039,1.0
1310,4.835442066192627,-44.881649017333984,1.0
1311,2.104672431945801,-35.484046936035156,1.0
1312,-7.994348049163818,39.462459564208984,0.0
1313,22.904701232910156,59.627906799316406,1.0
1314,18.695568084716797,-21.867856979370117,1.0
1315,-8.244428634643555,-43.766822814941406,0.0
1316,-26.43008041381836,-13.313002586364746,1.0
1317,-34.061702728271484,6.251142501831055,0.0
1318,52.93708419799805,15.257620811462402,0.0
1319,26.54536247253418,23.120777130126953,0.0
1320,-7.392610549926758,-38.727142333984375,0.0
1321,58.36039352416992,-18.794601440429688,0.0
1322,54.569129943847656,15.262810707092285,0.0
1323,-48.97794723510742,16.63628387451172,0.0
1324,-48.11531066894531,7.946991443634033,0.0
1325,11.73753833770752,-23.766462326049805,0.0
1326,3.3772895336151123,-39.622406005859375,0.0
1327,25.635906219482422,68.33810424804688,1.0
1328,21.02613639831543,-19.820871353149414,0.0
1329,57.90947341918945,-18.266756057739258,1.0
1330,12.98475170135498,25.137527465820312,0.0
1331,-37.17255401611328,5.7266845703125,0.0
1332,20.125104904174805,24.207120895385742,0.0
1333,54.773712158203125,11.84146499633789,0.0
1334,-45.38116455078125,8.161320686340332,0.0
1335,20.536270141601562,67.96713256835938,1.0
1336,3.7441458702087402,20.76740837097168,0.0
1337,0.10423368215560913,29.768653869628906,0.0
1338,7.568713188171387,-36.42416000366211,1.0
1339,5.3878092765808105,27.594675064086914,0.0
1340,-51.655967712402344,16.10235595703125,0.0
1341,-44.36241912841797,17.497636795043945,0.0
1342,-7.843384742736816,33.46572494506836,0.0
1343,24.185443878173828,-24.822643280029297,1.0
1344,4.7592597007751465,-33.14990997314453,1.0
1345,-24.739795684814453,-14.384218215942383,0.0
1346,-26.70496940612793,-43.517539978027344,0.0
1347,5.44689416885376,8.24892807006836,0.0
1348,19.596200942993164,61.6285400390625,0.0
1349,2.3415212631225586,30.28074073791504,0.0
1350,56.44619369506836,12.193230628967285,0.0
1351,29.10409164428711,27.75994300842285,0.0
1352,23.434947967529297,-32.764434814453125,1.0
1353,17.996034622192383,71.32848358154297,1.0
1354,-5.354240417480469,15.42551040649414,0.0
1355,22.78486442565918,-35.80116653442383,0.0
1356,18.06337547302246,-25.35855484008789,1.0
1357,20.98781394958496,16.003814697265625,0.0
1358,19.861886978149414,-35.86647033691406,0.0
1359,1.6069717407226562,21.145450592041016,0.0
1360,5.232936859130859,1.932839274406433,0.0
1361,-27.858135223388672,-42.26119613647461,0.0
1362,-48.143714904785156,-2.5900657176971436,0.0
1363,17.6083984375,-28.852745056152344,1.0
1364,14.129812240600586,20.065349578857422,0.0
1365,-2.7626426219940186,-54.383731842041016,0.0
1366,0.6313685774803162,-50.937705993652344,0.0
1367,21.979557037353516,28.969573974609375,0.0
1368,-5.867722511291504,-28.20863151550293,0.0
1369,23.660030364990234,-32.112892150878906,1.0
1370,18.177621841430664,27.16399383544922,0.0
1371,22.165945053100586,27.98160743713379,0.0
1372,0.29731485247612,-35.498924255371094,0.0
1373,-20.48326873779297,-43.51041030883789,0.0
1374,-24.815675735473633,-41.50166702270508,0.0
1375,22.6970157623291,-25.73316192626953,0.0
1376,54.87277603149414,13.756574630737305,0.0
1377,-9.838713645935059,37.40388107299805,0.0
1378,-39.12803268432617,17.713476181030273,0.0
1379,-8.778221130371094,16.499820709228516,0.0
1380,7.396708965301514,6.168153285980225,0.0
1381,1.6929609775543213,18.65668296813965,0.0
1382,-43.95185852050781,19.046390533447266,0.0
1383,1.2520619630813599,21.214460372924805,0.0
1384,5.438616752624512,10.756999969482422,0.0
1385,-50.614810943603516,27.374309539794922,0.0
1386,-12.774796485900879,-44.72414779663086,0.0
1387,18.743576049804688,70.24110412597656,1.0
1388,-22.592729568481445,-43.331356048583984,0.0
1389,2.5759756565093994,45.78535842895508,0.0
1390,-41.81276321411133,14.488560676574707,0.0
1391,-3.525031089782715,43.75548553466797,0.0
1392,6.305657386779785,11.16207218170166,0.0
1393,-48.24288558959961,27.096216201782227,0.0
1394,26.222780227661133,65.0519027709961,0.0
1395,-2.1546032428741455,-53.36503219604492,0.0
1396,-55.090858459472656,6.607025623321533,0.0
1397,-44.986053466796875,5.451104640960693,0.0
1398,-41.46086883544922,20.254636764526367,0.0
1399,9.655872344970703,-38.40852355957031,1.0
1400,2.403625249862671,31.539438247680664,0.0
1401,2.2199950218200684,31.7684268951416,0.0
1402,-43.34654998779297,2.49177885055542,0.0
1403,-0.7379727959632874,31.64237403869629,0.0
1404,16.75335121154785,33.13396453857422,0.0
1405,14.549989700317383,-30.005699157714844,1.0
1406,17.48717498779297,68.17277526855469,0.0
1407,-5.7013421058654785,-45.874366760253906,0.0
1408,-32.920528411865234,5.254506587982178,0.0
1409,-6.16105318069458,-43.126220703125,0.0
1410,-46.149112701416016,6.4749979972839355,0.0
1411,5.691050052642822,-34.369136810302734,0.0
1412,17.515357971191406,69.98334503173828,1.0
1413,3.638988494873047,43.47822952270508,0.0
1414,18.86770248413086,20.04297637939453,0.0
1415,20.11927604675293,-29.743310928344727,0.0
1416,-9.099272727966309,-47.36763000488281,0.0
1417,50.212730407714844,2.8866045475006104,0.0
1418,-47.985599517822266,15.41204833984375,0.0
1419,-24.981042861938477,-12.723466873168945,0.0
1420,6.529171943664551,24.780208587646484,0.0
1421,50.725120544433594,-0.9702319502830505,1.0
1422,-27.15645408630371,-41.79697036743164,0.0
1423,19.648679733276367,30.671533584594727,0.0
1424,-43.02521896362305,13.123114585876465,1.0
1425,-52.505008697509766,10.009251594543457,0.0
1426,-7.563846588134766,-28.033946990966797,1.0
1427,18.3121337890625,17.465576171875,0.0
1428,-51.79233169555664,8.392279624938965,0.0
1429,26.86383056640625,24.773006439208984,0.0
1430,1.0686094760894775,21.88388442993164,0.0
1431,21.57265853881836,-21.308582305908203,0.0
1432,-36.505165100097656,14.928386688232422,0.0
1433,56.02381896972656,18.489337921142578,0.0
1434,19.995214462280273,-34.95066833496094,1.0
1435,2.667318820953369,19.568838119506836,0.0
1436,-18.13147735595703,-43.64041519165039,0.0
1437,-13.177252769470215,-31.163904190063477,1.0
1438,-42.546142578125,5.580743312835693,0.0
1439,-21.388898849487305,-45.829402923583984,0.0
1440,53.550777435302734,10.565786361694336,0.0
1441,-40.878963470458984,17.766910552978516,0.0
1442,-51.38494873046875,24.382366180419922,0.0
1443,21.700782775878906,23.891510009765625,0.0
1444,-25.16316795349121,-14.89116096496582,0.0
1445,26.586820602416992,-30.69215202331543,1.0
1446,53.63633728027344,-6.031463623046875,1.0
1447,-6.791379928588867,14.182687759399414,0.0
1448,23.914491653442383,-22.234086990356445,0.0
1449,25.785900115966797,62.95574951171875,0.0
1450,17.327939987182617,28.05719566345215,0.0
1451,52.56027603149414,0.8989964127540588,0.0
1452,26.145109176635742,64.67779541015625,1.0
1453,15.83054256439209,-31.878705978393555,1.0
1454,3.2721452713012695,42.63685989379883,0.0
1455,-5.916401386260986,33.12579345703125,0.0
1456,-39.455204010009766,20.914104461669922,0.0
1457,26.931058883666992,-6.956631183624268,1.0
1458,-25.054738998413086,-12.768582344055176,0.0
1459,-35.86722946166992,6.991155624389648,0.0
1460,52.56065368652344,-21.91065788269043,0.0
1461,6.812540054321289,-47.79398727416992,0.0
1462,56.3528938293457,16.74811553955078,0.0
1463,4.902723789215088,7.931526184082031,0.0
1464,-61.09355926513672,6.912957668304443,1.0
1465,54.99764633178711,-6.368680953979492,0.0
1466,52.661460876464844,12.935458183288574,1.0
1467,0.5691197514533997,22.034095764160156,0.0
1468,-43.90850830078125,14.63414478302002,0.0
1469,-37.59149169921875,18.179086685180664,0.0
1470,56.3613395690918,13.027734756469727,0.0
1471,2.961005210876465,30.13215446472168,0.0
1472,6.824428558349609,11.889559745788574,0.0
1473,-27.681259155273438,-40.47958755493164,0.0
1474,3.7338783740997314,-36.711090087890625,0.0
1475,-46.125144958496094,18.753366470336914,0.0
1476,0.6965411305427551,-34.750770568847656,1.0
1477,18.464149475097656,-27.787986755371094,0.0
1478,-33.26118850708008,4.783907890319824,0.0
1479,-11.654568672180176,-31.475364685058594,0.0
1480,-44.533119201660156,-1.2759228944778442,0.0
1481,-40.5400505065918,0.3243977725505829,0.0
1482,-2.719594717025757,-48.98866271972656,1.0
1483,-53.215721130371094,11.339460372924805,0.0
1484,-26.9353084564209,-8.2800874710083,0.0
1485,5.601521968841553,17.22572898864746,0.0
1486,2.185425043106079,-46.2354850769043,1.0
1487,-8.203422546386719,-36.953433990478516,0.0
1488,19.12367057800293,15.602396965026855,0.0
1489,48.392822265625,1.3761190176010132,0.0
1490,-13.786227226257324,-33.82474899291992,0.0
1491,19.281335830688477,61.45515823364258,0.0
1492,1.7448580265045166,-34.95459747314453,0.0
1493,-24.596599578857422,-10.80319881439209,1.0
1494,58.07666778564453,-21.43449592590332,1.0
1495,25.816987991333008,-30.746341705322266,1.0
1496,-0.23679901659488678,42.57835388183594,0.0
1497,-51.24739074707031,21.770092010498047,0.0
1498,-37.0577507019043,19.539669036865234,0.0
1499,59.23173904418945,-14.68161392211914,0.0
1500,-27.239253997802734,-14.632450103759766,0.0
1501,11.203636169433594,14.47672176361084,0.0
1502,53.31434631347656,-1.0217794179916382,0.0
1503,53.17804718017578,-18.407411575317383,1.0
1504,-2.4322547912597656,14.160452842712402,0.0
1505,1.6576486825942993,-45.46711730957031,0.0
1506,-16.215118408203125,-30.881332397460938,0.0
1507,-23.389463424682617,-14.003782272338867,0.0
1508,-37.837158203125,15.676878929138184,0.0
1509,55.5495719909668,12.281522750854492,0.0
1510,-58.374935150146484,9.285120964050293,0.0
1511,-5.124456882476807,40.573307037353516,0.0
1512,18.29505729675293,67.65045166015625,1.0
1513,-4.982675075531006,-51.06709289550781,0.0
1514,-5.7164835929870605,-47.54452896118164,0.0
1515,-13.812562942504883,-33.30986785888672,1.0
1516,22.044445037841797,-34.25119400024414,1.0
1517,54.48724365234375,-8.059346199035645,1.0
1518,7.362530708312988,9.147918701171875,0.0
1519,3.9441893100738525,33.39773941040039,0.0
1520,-5.46975040435791,36.20388412475586,0.0
1521,-3.782484292984009,-28.585344314575195,0.0
1522,2.8760058879852295,21.05719757080078,0.0
1523,-1.2217931747436523,28.850828170776367,0.0
1524,8.486756324768066,-44.97439193725586,0.0
1525,-9.875557899475098,-44.79282760620117,0.0
1526,-14.137502670288086,-33.535335540771484,0.0
1527,6.691136837005615,-36.18077850341797,1.0
1528,21.80030632019043,-35.44892501831055,0.0
1529,-34.49265670776367,18.610244750976562,1.0
1530,0.7571930885314941,-40.341949462890625,0.0
1531,-16.935344696044922,-33.66200637817383,0.0
1532,-44.45101547241211,14.708511352539062,0.0
1533,19.059043884277344,68.8581771850586,1.0
1534,-6.358192443847656,16.98720359802246,0.0
1535,20.326324462890625,17.349014282226562,0.0
1536,8.161589622497559,12.266349792480469,0.0
1537,-29.54299545288086,-8.756089210510254,0.0
1538,-45.95901107788086,-2.2657790184020996,0.0
1539,21.517274856567383,-25.979948043823242,0.0
1540,-44.51557922363281,-1.2474218606948853,0.0
1541,-3.8132922649383545,-24.671236038208008,0.0
1542,-29.023651123046875,-21.0091495513916,0.0
1543,6.1460747718811035,-49.65824508666992,0.0
1544,-16.407997131347656,-34.19948196411133,0.0
1545,27.14093589782715,27.04228973388672,0.0
1546,51.28165817260742,0.7154828310012817,0.0
1547,29.140920639038086,24.72824478149414,0.0
1548,-7.606306552886963,33.988155364990234,0.0
1549,-27.584333419799805,-4.528563499450684,0.0
1550,-45.54098892211914,24.086467742919922,0.0
1551,-1.1543216705322266,-40.18790817260742,0.0
1552,18.167177200317383,64.34001922607422,1.0
1553,-22.61543846130371,-42.255165100097656,0.0
1554,-5.1956987380981445,-24.8775691986084,0.0
1555,54.93096923828125,3.891568899154663,0.0
1556,24.637895584106445,29.44066619873047,0.0
1557,1.588898777961731,-31.319002151489258,0.0
1558,8.297287940979004,-34.10639572143555,1.0
1559,53.373443603515625,-6.71042537689209,1.0
1560,-3.9256038665771484,-50.484676361083984,0.0
1561,-28.83925437927246,-12.744980812072754,0.0
1562,-22.34255599975586,-44.787818908691406,0.0
1563,5.325582027435303,26.97261619567871,0.0
1564,52.595001220703125,-16.62903594970703,1.0
1565,-16.03065299987793,-32.99250030517578,0.0
1566,3.590738534927368,32.716312408447266,0.0
1567,24.63166618347168,-24.216276168823242,1.0
1568,-54.64082717895508,12.43923282623291,0.0
1569,4.380253791809082,-30.343000411987305,1.0
1570,55.01528549194336,18.046607971191406,0.0
1571,-34.77454376220703,18.22726058959961,0.0
1572,11.896984100341797,-22.819833755493164,0.0
1573,-1.4694253206253052,-37.55879211425781,0.0
1574,-15.464720726013184,-29.84009552001953,0.0
1575,57.946712493896484,12.198468208312988,0.0
1576,-12.839180946350098,-30.9704647064209,1.0
1577,-28.873289108276367,-38.18043518066406,0.0
1578,16.085294723510742,32.64321517944336,0.0
1579,-10.479070663452148,-53.6802864074707,0.0
1580,2.6870436668395996,-29.30585289001465,1.0
1581,14.491265296936035,-50.5044059753418,1.0
1582,4.9455695152282715,-34.22505187988281,1.0
1583,-7.918632507324219,41.1734619140625,0.0
1584,25.49506378173828,-31.929309844970703,1.0
1585,-3.323033332824707,-54.842037200927734,0.0
1586,1.6036999225616455,46.33512496948242,0.0
1587,5.330575942993164,-43.6081428527832,0.0
1588,-1.2523314952850342,-38.7496337890625,0.0
1589,8.336674690246582,-46.73194885253906,0.0
1590,-0.9894777536392212,-23.417158126831055,0.0
1591,-3.816638708114624,-37.057865142822266,1.0
1592,-53.4718017578125,12.167491912841797,0.0
1593,-12.821207046508789,-33.33341979980469,0.0
1594,-51.34618377685547,12.880999565124512,0.0
1595,-58.618125915527344,2.069169282913208,0.0
1596,-51.60825729370117,25.29326820373535,0.0
1597,-53.954376220703125,8.461706161499023,0.0
1598,-11.584127426147461,-32.4015007019043,1.0
1599,26.148380279541016,66.12913513183594,0.0
1600,-12.230144500732422,28.748376846313477,0.0
1601,5.874013423919678,11.3464937210083,0.0
1602,-29.33447265625,-41.41610336303711,0.0
1603,0.1573830544948578,28.10442352294922,0.0
1604,-13.915943145751953,-33.612457275390625,0.0
1605,-44.13724899291992,11.60690689086914,0.0
1606,-57.76536560058594,2.114295721054077,0.0
1607,51.17022705078125,-9.120560646057129,0.0
1608,-29.20829200744629,-39.51451873779297,0.0
1609,18.877296447753906,64.54825592041016,1.0
1610,2.233036756515503,-54.96735382080078,0.0
1611,-4.1870341300964355,-39.57011413574219,1.0
1612,-5.312020301818848,40.64559555053711,0.0
1613,1.3408464193344116,-32.36167907714844,0.0
1614,-51.58185958862305,15.790651321411133,0.0
1615,2.739346504211426,31.24064064025879,0.0
1616,7.569242000579834,5.566683292388916,0.0
1617,-0.05143865942955017,-40.75616455078125,0.0
1618,2.805292844772339,-32.17115783691406,0.0
1619,20.247989654541016,61.94667434692383,0.0
1620,-5.537871360778809,37.332454681396484,0.0
1621,19.852909088134766,-27.69190216064453,0.0
1622,20.450035095214844,-21.888755798339844,1.0
1623,-48.093807220458984,15.761815071105957,0.0
1624,56.76967239379883,-18.12284278869629,0.0
1625,0.17925837635993958,41.31985855102539,0.0
1626,-53.852943420410156,12.63199234008789,0.0
1627,7.446291446685791,12.548981666564941,0.0
1628,-10.441853523254395,-53.72156524658203,0.0
1629,24.8350772857666,-30.799930572509766,1.0
1630,-6.104514122009277,-25.65241813659668,0.0
1631,21.714136123657227,22.35010528564453,0.0
1632,-21.544553756713867,-40.08141326904297,0.0
1633,-44.40005874633789,12.018230438232422,0.0
1634,-42.044464111328125,12.464847564697266,0.0
1635,-26.26094627380371,-15.964982986450195,0.0
1636,-43.01249313354492,5.3444671630859375,0.0
1637,-0.12467052042484283,43.174442291259766,1.0
1638,-58.21974563598633,9.692895889282227,1.0
1639,19.980117797851562,23.415142059326172,0.0
1640,-0.7750885486602783,41.98014450073242,0.0
1641,25.407615661621094,67.34288024902344,1.0
1642,21.591934204101562,-25.57337188720703,0.0
1643,21.048208236694336,20.301313400268555,0.0
1644,-29.341283798217773,-9.080628395080566,1.0
1645,7.034829616546631,-50.34702682495117,0.0
1646,-29.462526321411133,-43.73677444458008,0.0
1647,-47.896812438964844,11.68856430053711,0.0
1648,20.927207946777344,16.213672637939453,0.0
1649,-44.11323928833008,-1.3372547626495361,0.0
1650,25.173749923706055,-24.70887565612793,0.0
1651,3.8740851879119873,-53.280147552490234,1.0
1652,-46.550716400146484,5.9070611000061035,0.0
1653,-26.313814163208008,-11.519901275634766,0.0
1654,-51.50162887573242,0.6521027088165283,0.0
1655,-20.684005737304688,-12.066908836364746,0.0
1656,-6.9974565505981445,-40.090309143066406,0.0
1657,-46.18757247924805,14.989222526550293,0.0
1658,-27.129117965698242,-37.926170349121094,0.0
1659,9.208803176879883,9.088970184326172,0.0
1660,7.365067481994629,15.820556640625,0.0
1661,26.592485427856445,-7.133487701416016,1.0
1662,4.214975833892822,-44.48823928833008,0.0
1663,2.1147336959838867,-32.54047393798828,1.0
1664,-38.51089096069336,21.362184524536133,0.0
1665,-38.38741683959961,19.0684814453125,0.0
1666,-8.90064525604248,-31.678525924682617,0.0
1667,-5.57321310043335,35.64278793334961,0.0
1668,-45.374755859375,3.012986898422241,0.0
1669,13.663158416748047,-22.2749080657959,1.0
1670,21.270719528198242,-26.38677406311035,0.0
1671,2.271949529647827,16.800039291381836,0.0
1672,17.580263137817383,-23.85085105895996,1.0
1673,-13.324647903442383,28.778413772583008,0.0
1674,54.789833068847656,-15.36059284210205,0.0
1675,-49.73408508300781,9.748530387878418,0.0
1676,54.34541702270508,-20.952268600463867,1.0
1677,55.67482376098633,10.560555458068848,0.0
1678,-14.404742240905762,27.329179763793945,0.0
1679,-10.986988067626953,-31.03187370300293,0.0
1680,-43.04813003540039,7.609240531921387,0.0
1681,12.028008460998535,-48.28310775756836,0.0
1682,-5.565769672393799,-51.73763656616211,0.0
1683,59.00435256958008,-14.325733184814453,1.0
1684,4.082818984985352,24.92085838317871,0.0
1685,-0.33648160099983215,-31.138412475585938,0.0
1686,18.384145736694336,-22.28644371032715,1.0
1687,1.2904469966888428,21.155569076538086,0.0
1688,-36.660423278808594,15.98597240447998,1.0
1689,-1.8251041173934937,-23.417837142944336,1.0
1690,-3.9585883617401123,26.68793487548828,0.0
1691,-9.509466171264648,-47.185264587402344,0.0
1692,21.52174186706543,-29.895565032958984,1.0
1693,-9.922706604003906,-30.995683670043945,1.0
1694,51.92362976074219,-0.8163984417915344,0.0
1695,26.032712936401367,-7.782144546508789,1.0
1696,-49.20048141479492,-2.126427173614502,0.0
1697,1.5736654996871948,45.596675872802734,0.0
1698,2.1069633960723877,15.909170150756836,0.0
1699,16.6240291595459,-26.774248123168945,1.0
1700,-57.99056625366211,4.031297206878662,0.0
1701,16.2830753326416,68.10330200195312,1.0
1702,-3.817284107208252,25.946298599243164,0.0
1703,-56.29038619995117,5.929287433624268,0.0
1704,-46.524654388427734,3.7471611499786377,0.0
1705,18.834949493408203,26.718006134033203,0.0
1706,22.9199275970459,58.732975006103516,0.0
1707,55.70735168457031,16.45219612121582,0.0
1708,-23.913551330566406,-43.97686767578125,0.0
1709,22.45408821105957,60.67694854736328,0.0
1710,19.515247344970703,32.301734924316406,0.0
1711,54.010215759277344,9.827609062194824,1.0
1712,52.60311508178711,-6.819829940795898,1.0
1713,-42.23711013793945,10.127490997314453,0.0
1714,2.6720449924468994,33.599090576171875,0.0
1715,6.6446943283081055,15.965529441833496,0.0
1716,-28.543066024780273,-15.50751781463623,1.0
1717,-39.02857971191406,-0.22888432443141937,0.0
1718,14.188425064086914,24.299877166748047,0.0
1719,7.010599136352539,-49.86608123779297,1.0
1720,11.73291301727295,-21.62010955810547,1.0
1721,7.259184837341309,-52.97209548950195,1.0
1722,-11.126917839050293,15.740297317504883,0.0
1723,-11.773179054260254,-35.36387634277344,0.0
1724,2.4710402488708496,-20.52288246154785,0.0
1725,6.363646507263184,23.366741180419922,0.0
1726,5.317261695861816,-33.98404312133789,0.0
1727,17.037456512451172,67.90827178955078,0.0
1728,-7.553097724914551,-51.52766036987305,0.0
1729,18.749094009399414,31.174034118652344,0.0
1730,53.33808517456055,-7.761739730834961,0.0
1731,7.1734395027160645,21.623733520507812,0.0
1732,21.831510543823242,-24.925708770751953,0.0
1733,-26.059547424316406,-15.276923179626465,0.0
1734,14.956463813781738,27.549659729003906,0.0
1735,2.657445192337036,33.4626350402832,0.0
1736,-40.861541748046875,17.77661895751953,0.0
1737,6.019890308380127,2.7378897666931152,0.0
1738,-12.418676376342773,-32.89649963378906,0.0
1739,-36.652408599853516,3.5281379222869873,0.0
1740,-52.64381790161133,14.716794967651367,0.0
1741,7.8776421546936035,21.900779724121094,0.0
1742,-26.290250778198242,-43.09907531738281,0.0
1743,18.2424373626709,23.195411682128906,0.0
1744,-9.959687232971191,37.45162582397461,0.0
1745,-41.123714447021484,4.094615936279297,1.0
1746,-5.721884727478027,24.41733741760254,0.0
1747,11.13883113861084,-22.959226608276367,0.0
1748,-1.6009684801101685,-30.30577850341797,0.0
1749,3.8890249729156494,20.80034065246582,0.0
1750,-29.10308074951172,-40.31548309326172,0.0
1751,-33.090362548828125,5.455720901489258,0.0
1752,-7.397910118103027,19.242156982421875,0.0
1753,8.35198974609375,33.822025299072266,0.0
1754,14.6283540725708,-52.693424224853516,0.0
1755,59.05412673950195,-16.058305740356445,1.0
1756,6.725652694702148,-42.30773162841797,0.0
1757,-21.351612091064453,-45.715877532958984,0.0
1758,25.77497673034668,-7.6978254318237305,1.0
1759,4.061713695526123,-46.48768615722656,1.0
1760,12.56429386138916,-39.09334945678711,1.0
1761,-10.756950378417969,27.305438995361328,0.0
1762,21.826807022094727,59.320308685302734,0.0
1763,55.50558853149414,-5.869818210601807,1.0
1764,52.235877990722656,-0.2281448096036911,0.0
1765,-8.822027206420898,30.467538833618164,0.0
1766,20.581344604492188,32.166683197021484,0.0
1767,-45.18755340576172,16.58330535888672,0.0
1768,20.610885620117188,22.36732292175293,0.0
1769,-21.660015106201172,-42.97633743286133,0.0
1770,-23.436670303344727,-13.846877098083496,0.0
1771,-44.23385238647461,13.353837013244629,0.0
1772,3.7857649326324463,-32.19557189941406,1.0
1773,-35.420284271240234,2.9218215942382812,0.0
1774,-43.37248611450195,-0.33545947074890137,0.0
1775,-42.582191467285156,-1.1736910343170166,0.0
1776,-20.574403762817383,-42.61905288696289,0.0
1777,21.407798767089844,-34.67853927612305,1.0
1778,14.658985137939453,-50.48454284667969,1.0
1779,-44.801246643066406,4.498058795928955,0.0
1780,-43.525699615478516,19.40605926513672,1.0
1781,11.179584503173828,-45.61172866821289,1.0
1782,-7.545874118804932,39.41755676269531,0.0
1783,-36.69771194458008,1.9614429473876953,0.0
1784,2.8065571784973145,35.89617919921875,0.0
1785,-5.723287105560303,41.453853607177734,0.0
1786,-24.98113250732422,-41.316429138183594,0.0
1787,-3.5957653522491455,42.40566635131836,1.0
1788,-2.1838202476501465,26.36573600769043,0.0
1789,2.9227287769317627,43.552799224853516,1.0
1790,9.764140129089355,24.906414031982422,0.0
1791,-7.506791591644287,-43.737422943115234,0.0
1792,21.706043243408203,-22.824853897094727,0.0
1793,17.373624801635742,65.93927001953125,0.0
1794,-54.731834411621094,7.288426399230957,0.0
1795,28.204586029052734,28.146333694458008,0.0
1796,4.364184856414795,-46.08644104003906,0.0
1797,-43.108604431152344,7.087957382202148,0.0
1798,-47.91767883300781,15.887975692749023,0.0
1799,53.30018997192383,-17.629858016967773,0.0
1800,55.463462829589844,-22.483123779296875,1.0
1801,1.3256696462631226,-28.90863609313965,1.0
1802,55.03437423706055,14.444713592529297,0.0
1803,18.507333755493164,32.157169342041016,0.0
1804,-49.120216369628906,18.730180740356445,0.0
1805,-40.33840560913086,16.892532348632812,0.0
1806,-1.0914109945297241,-39.71321487426758,1.0
1807,25.04625129699707,-33.02979278564453,1.0
1808,3.320140838623047,45.07053756713867,0.0
1809,51.878021240234375,-0.19308562576770782,1.0
1810,-23.854162216186523,-14.895627975463867,0.0
1811,2.003786087036133,33.171688079833984,0.0
1812,49.331146240234375,0.26826566457748413,1.0
1813,7.567890644073486,-52.82129669189453,1.0
1814,7.521847248077393,23.7691707611084,0.0
1815,20.078344345092773,-35.24540328979492,0.0
1816,-8.488808631896973,40.64093017578125,0.0
1817,53.64936065673828,13.596531867980957,0.0
1818,20.33507537841797,65.33758544921875,1.0
1819,-16.433822631835938,-32.385982513427734,0.0
1820,59.69389343261719,-15.877742767333984,1.0
1821,-13.772590637207031,-36.364688873291016,0.0
1822,-4.292179584503174,-25.470035552978516,0.0
1823,18.67245864868164,25.447357177734375,0.0
1824,-56.65043640136719,3.938103437423706,0.0
1825,20.61322784423828,21.49669647216797,0.0
1826,23.286832809448242,-32.860355377197266,0.0
1827,-6.741893291473389,-45.20121383666992,1.0
1828,7.41705846786499,4.660815715789795,0.0
1829,-40.249271392822266,8.837665557861328,0.0
1830,-3.753268241882324,-55.364505767822266,0.0
1831,-25.76687240600586,-12.97760009765625,0.0
1832,9.10113525390625,-32.30546569824219,1.0
1833,-3.0761616230010986,-48.548065185546875,0.0
1834,-5.079136848449707,34.42100143432617,0.0
1835,-29.281972885131836,-9.099336624145508,0.0
1836,-34.56521987915039,17.41978645324707,0.0
1837,11.054089546203613,26.606496810913086,0.0
1838,56.48246765136719,-14.272662162780762,1.0
1839,1.8244644403457642,21.648595809936523,0.0
1840,57.26769256591797,13.008777618408203,0.0
1841,-7.309781551361084,41.07274627685547,0.0
1842,55.961273193359375,-10.991067886352539,0.0
1843,-46.812744140625,18.676143646240234,0.0
1844,0.250348836183548,-20.657711029052734,1.0
1845,11.922971725463867,-46.07847213745117,1.0
1846,15.100481033325195,-52.041954040527344,0.0
1847,2.935089588165283,12.591545104980469,0.0
1848,-41.614501953125,14.183095932006836,0.0
1849,28.279232025146484,25.70490264892578,0.0
1850,23.21177101135254,27.810535430908203,0.0
1851,10.664769172668457,13.582928657531738,0.0
1852,-6.9424896240234375,40.4742431640625,0.0
1853,54.08122634887695,16.105588912963867,0.0
1854,24.2019100189209,29.12643814086914,0.0
1855,5.914615154266357,6.924764156341553,0.0
1856,15.225539207458496,-31.091670989990234,1.0
1857,-15.220541954040527,-31.368284225463867,0.0
1858,-8.28772258758545,-49.939571380615234,0.0
1859,-53.768638610839844,13.592265129089355,0.0
1860,50.70730972290039,-13.958573341369629,1.0
1861,53.25221633911133,-21.50377082824707,1.0
1862,-6.54745626449585,-48.49900436401367,0.0
1863,-24.062236785888672,-44.5177116394043,1.0
1864,27.686975479125977,25.38589859008789,0.0
1865,-50.55994415283203,7.157165050506592,1.0
1866,27.215124130249023,23.480606079101562,0.0
1867,-22.85009765625,-14.079084396362305,0.0
1868,-26.395296096801758,-42.66195297241211,0.0
1869,-51.05425262451172,21.20947265625,1.0
1870,1.922751784324646,40.97303771972656,0.0
1871,-35.88822937011719,2.5279746055603027,1.0
1872,-46.33565139770508,24.526138305664062,0.0
1873,14.680216789245605,-33.86919021606445,1.0
1874,53.75517654418945,1.9069687128067017,0.0
1875,-20.65196418762207,-45.4796028137207,1.0
1876,21.899112701416016,59.40702819824219,0.0
1877,10.418081283569336,-38.69615936279297,1.0
1878,-43.76090621948242,8.972494125366211,0.0
1879,57.07054901123047,11.267240524291992,1.0
1880,-5.7264275550842285,40.0981330871582,0.0
1881,9.964544296264648,-40.871864318847656,1.0
1882,50.17301559448242,2.53460955619812,0.0
1883,14.869292259216309,-46.55986404418945,1.0
1884,-10.520988464355469,-33.36030197143555,1.0
1885,-19.662416458129883,-12.249918937683105,0.0
1886,23.4194278717041,24.39582061767578,0.0
1887,-42.23766326904297,22.398609161376953,0.0
1888,25.72162437438965,67.23738098144531,1.0
1889,7.727257251739502,18.238862991333008,0.0
1890,20.779909133911133,-31.6081600189209,1.0
1891,3.4144840240478516,-52.5345344543457,0.0
1892,53.69343566894531,-15.45999526977539,1.0
1893,-12.506009101867676,-35.23417282104492,0.0
1894,15.127808570861816,-21.118179321289062,1.0
1895,53.891578674316406,10.526637077331543,0.0
1896,-40.64693069458008,0.5829314589500427,0.0
1897,56.50895690917969,-19.53005027770996,1.0
1898,53.77293014526367,-14.529823303222656,1.0
1899,-10.328879356384277,28.34335708618164,0.0
1900,-7.346245288848877,27.217741012573242,0.0
1901,-45.111175537109375,2.7435379028320312,0.0
1902,11.580824851989746,-47.99258804321289,0.0
1903,55.64429473876953,11.390341758728027,0.0
1904,22.531097412109375,-31.357641220092773,0.0
1905,4.537604331970215,-37.802001953125,1.0
1906,-0.433631956577301,28.687023162841797,0.0
1907,-0.9033434391021729,31.29021453857422,0.0
1908,7.630132675170898,33.829566955566406,0.0
1909,6.243347644805908,-44.35049819946289,0.0
1910,17.821033477783203,66.53716278076172,1.0
1911,20.985897064208984,-34.19386672973633,1.0
1912,-43.741939544677734,22.652690887451172,0.0
1913,50.905364990234375,2.1844944953918457,0.0
1914,55.022586822509766,11.85435676574707,1.0
1915,56.943031311035156,-15.694547653198242,1.0
1916,-47.38473129272461,0.6468217372894287,0.0
1917,-28.518709182739258,-42.35882568359375,0.0
1918,-49.636451721191406,8.861775398254395,0.0
1919,54.935997009277344,-5.628866672515869,0.0
1920,-50.20634078979492,-0.44258755445480347,0.0
1921,-44.313812255859375,18.8629207611084,0.0
1922,-14.48784065246582,-31.738187789916992,0.0
1923,-58.43975830078125,3.037306785583496,0.0
1924,-51.00936508178711,11.11625862121582,0.0
1925,19.04867935180664,-24.579504013061523,0.0
1926,19.315114974975586,-22.674718856811523,1.0
1927,8.818260192871094,22.3595027923584,0.0
1928,-24.26613426208496,-14.05357551574707,1.0
1929,17.634721755981445,68.54658508300781,0.0
1930,11.234410285949707,14.134932518005371,0.0
1931,-7.308363914489746,26.62564468383789,0.0
1932,-1.696169137954712,-53.977577209472656,0.0
1933,-0.770422101020813,-23.346771240234375,0.0
1934,26.232646942138672,-6.719748020172119,1.0
1935,-9.772445678710938,-38.88420104980469,0.0
1936,-5.403756618499756,32.960906982421875,0.0
1937,-22.362333297729492,-44.06217956542969,0.0
1938,2.15425181388855,-21.369731903076172,1.0
1939,-49.32743453979492,15.669174194335938,0.0
1940,5.142145156860352,33.69169616699219,0.0
1941,21.716785430908203,26.2367000579834,0.0
1942,-43.29920959472656,6.899415016174316,0.0
1943,20.168779373168945,24.573591232299805,0.0
1944,-21.219511032104492,-10.902877807617188,1.0
1945,-4.616379737854004,-53.78166580200195,1.0
1946,52.996646881103516,-0.3722549080848694,0.0
1947,14.843424797058105,-46.148704528808594,0.0
1948,-5.59266996383667,-29.052207946777344,1.0
1949,0.4905780255794525,-22.794719696044922,1.0
1950,1.992154598236084,17.903085708618164,0.0
1951,24.0865421295166,-22.504467010498047,0.0
1952,27.680627822875977,27.15131187438965,0.0
1953,17.404664993286133,-25.419780731201172,1.0
1954,57.14554214477539,-15.185462951660156,1.0
1955,9.718988418579102,34.00294494628906,0.0
1956,-5.694746971130371,-52.27151107788086,0.0
1957,5.413346767425537,28.16490936279297,0.0
1958,-5.519573211669922,42.28337860107422,0.0
1959,21.879344940185547,-31.29417610168457,1.0
1960,19.441349029541016,-22.918657302856445,0.0
1961,-47.06394577026367,4.626855373382568,0.0
1962,2.49582839012146,-34.28982162475586,0.0
1963,-49.86643600463867,10.385692596435547,0.0
1964,-0.14137111604213715,27.03313636779785,0.0
1965,-51.085060119628906,14.699227333068848,0.0
1966,52.283958435058594,-16.57658576965332,0.0
1967,6.6896538734436035,-41.48130416870117,0.0
1968,-34.46758270263672,2.714909553527832,0.0
1969,-0.08486854285001755,-34.94593048095703,1.0
1970,-56.56708908081055,1.3676780462265015,0.0
1971,-44.64300537109375,10.550541877746582,0.0
1972,-43.70364761352539,10.67308521270752,0.0
1973,51.55463790893555,15.25108528137207,1.0
1974,-26.719295501708984,-12.484829902648926,0.0
1975,54.59665298461914,13.286182403564453,0.0
1976,55.94385528564453,12.76547622680664,0.0
1977,6.4372148513793945,-50.891422271728516,1.0
1978,10.249382972717285,9.865544319152832,0.0
1979,4.348559379577637,31.739652633666992,0.0
1980,-0.45433998107910156,9.215601921081543,0.0
1981,6.035977840423584,-21.853666305541992,0.0
1982,52.648040771484375,-18.002296447753906,0.0
1983,53.599365234375,-7.2973785400390625,1.0
1984,-51.33193588256836,15.051563262939453,0.0
1985,11.825435638427734,-25.880027770996094,0.0
1986,12.475170135498047,-47.82792663574219,0.0
1987,-46.500125885009766,16.78231430053711,0.0
1988,-3.337772846221924,-50.898101806640625,0.0
1989,-11.011238098144531,14.08767318725586,0.0
1990,-3.6263790130615234,-26.556772232055664,1.0
1991,57.82079315185547,-13.683355331420898,0.0
1992,3.026207208633423,30.48552131652832,0.0
1993,-46.45355224609375,10.12156867980957,0.0
1994,-0.5899875164031982,27.96670913696289,0.0
1995,-7.889712810516357,-40.85042190551758,0.0
1996,19.73063087463379,18.381553649902344,0.0
1997,-41.18120193481445,17.365875244140625,0.0
1998,-37.343868255615234,4.366211891174316,0.0
1999,-38.26632308959961,2.9238898754119873,0.0
2000,51.78426742553711,3.759197235107422,1.0
2001,-25.499156951904297,-43.022090911865234,0.0
2002,15.112378120422363,22.677183151245117,0.0
2003,-28.95911407470703,-20.77475929260254,0.0
2004,-23.68106460571289,-42.5818977355957,1.0
2005,-19.628799438476562,-12.052063941955566,1.0
2006,-51.6088981628418,14.214507102966309,0.0
2007,-46.867366790771484,14.643077850341797,0.0
2008,-6.451560974121094,-40.771793365478516,0.0
2009,4.6058478355407715,-38.71665954589844,0.0
2010,-28.56432342529297,-15.467535018920898,0.0
2011,-7.890252590179443,-37.720401763916016,0.0
2012,-9.33745288848877,37.36965560913086,0.0
2013,24.952409744262695,-24.529726028442383,1.0
2014,18.865108489990234,31.517305374145508,0.0
2015,-22.792949676513672,-42.31208419799805,0.0
2016,17.506166458129883,71.66580963134766,1.0
2017,4.458034038543701,12.481919288635254,0.0
2018,-55.607303619384766,3.7975728511810303,0.0
2019,-4.359335899353027,31.544780731201172,0.0
2020,-8.472177505493164,-46.38785171508789,0.0
2021,11.509679794311523,-25.635976791381836,1.0
2022,7.051633358001709,17.45376968383789,0.0
2023,48.33735656738281,1.1843059062957764,0.0
2024,0.6310821771621704,42.419281005859375,0.0
2025,-45.430667877197266,19.815441131591797,0.0
2026,-27.914573669433594,-15.039703369140625,0.0
2027,12.393684387207031,-47.40286636352539,0.0
2028,-22.642772674560547,-14.31387996673584,1.0
2029,20.085763931274414,25.298974990844727,0.0
2030,3.890054702758789,-33.93132400512695,1.0
2031,-8.604703903198242,25.835676193237305,0.0
2032,-50.5019416809082,26.038419723510742,0.0
2033,55.25208282470703,14.76282024383545,0.0
2034,-8.842961311340332,-43.03959274291992,0.0
2035,-2.90200138092041,43.77596664428711,1.0
2036,14.991742134094238,-33.223567962646484,1.0
2037,-10.821755409240723,13.055952072143555,0.0
2038,-44.8624153137207,-0.956343948841095,0.0
2039,-33.203369140625,3.844414710998535,0.0
2040,4.435415267944336,-31.682514190673828,1.0
2041,-52.96935272216797,15.846022605895996,0.0
2042,17.832189559936523,67.35045623779297,0.0
2043,19.605833053588867,-20.17806625366211,1.0
2044,-35.76042175292969,3.971747636795044,0.0
2045,-53.469791412353516,8.059309005737305,0.0
2046,14.791454315185547,-25.795307159423828,0.0
2047,7.187464237213135,-52.054325103759766,0.0
2048,56.9952392578125,13.728233337402344,0.0
2049,-28.73869514465332,-10.850208282470703,1.0
2050,-59.443058013916016,5.393505573272705,1.0
2051,24.301990509033203,-24.641578674316406,1.0
2052,22.00286102294922,-35.84493637084961,1.0
2053,-0.305828332901001,-36.009605407714844,0.0
2054,-31.754194259643555,3.8987982273101807,0.0
2055,-24.111125946044922,-11.026712417602539,0.0
2056,-7.3603010177612305,-50.94044494628906,0.0
2057,22.123926162719727,-29.181058883666992,1.0
2058,-25.44443130493164,-14.41064167022705,0.0
2059,57.50829315185547,-15.441442489624023,1.0
2060,-45.72050857543945,12.116558074951172,0.0
2061,7.863304138183594,14.986350059509277,0.0
2062,-9.698468208312988,-47.38784408569336,0.0
2063,5.10300350189209,10.354239463806152,0.0
2064,-8.821366310119629,-45.557701110839844,0.0
2065,11.156721115112305,26.00889778137207,0.0
2066,16.890092849731445,-51.46013259887695,1.0
2067,16.13607406616211,-50.80723571777344,0.0
2068,-21.794103622436523,-46.28803253173828,0.0
2069,-11.252584457397461,27.061233520507812,0.0
2070,53.67292022705078,-12.948294639587402,0.0
2071,50.49397277832031,-14.288570404052734,1.0
2072,-28.977420806884766,-42.566612243652344,1.0
